0 verbose cli /Users/Loowecee/.nvm/versions/node/v25.8.2/bin/node /Users/Loowecee/.nvm/versions/node/v25.8.2/bin/npm
1 info using npm@11.11.1
2 info using node@v25.8.2
3 silly config load:file:/Users/Loowecee/.nvm/versions/node/v25.8.2/lib/node_modules/npm/npmrc
4 silly config load:file:/Users/Loowecee/Documents/GitHub/agripoulet-pro/.npmrc
5 silly config load:file:/Users/Loowecee/.npmrc
6 silly config load:file:/Users/Loowecee/.nvm/versions/node/v25.8.2/etc/npmrc
7 verbose title npm install
8 verbose argv "install" "--cache" ".npm-cache"
9 verbose logfile logs-max:10 dir:/Users/Loowecee/Documents/GitHub/agripoulet-pro/.npm-cache/_logs/2026-05-20T16_09_39_717Z-
10 verbose logfile /Users/Loowecee/Documents/GitHub/agripoulet-pro/.npm-cache/_logs/2026-05-20T16_09_39_717Z-debug-0.log
11 silly logfile done cleaning log files
12 silly packumentCache heap:4496293888 maxSize:1124073472 maxEntrySize:562036736
13 silly idealTree buildDeps
14 silly fetch manifest recharts@^3.6.0
15 silly packumentCache full:https://registry.npmjs.org/recharts cache-miss
16 http fetch GET 200 https://registry.npmjs.org/recharts 2145ms (cache miss)
17 silly packumentCache full:https://registry.npmjs.org/recharts set size:undefined disposed:false
18 silly fetch manifest react@^19.2.3
19 silly packumentCache full:https://registry.npmjs.org/react cache-miss
20 http fetch GET 200 https://registry.npmjs.org/npm 3157ms
21 http fetch GET 200 https://registry.npmjs.org/react 8342ms (cache miss)
22 silly packumentCache full:https://registry.npmjs.org/react set size:undefined disposed:false
23 silly fetch manifest react-dom@^19.2.3
24 silly packumentCache full:https://registry.npmjs.org/react-dom cache-miss
25 http fetch GET 200 https://registry.npmjs.org/react-dom 18333ms (cache miss)
26 silly packumentCache full:https://registry.npmjs.org/react-dom set size:undefined disposed:false
27 silly fetch manifest react-is@^16.8.0 || ^17.0.0 || ^18.0.0 || ^19.0.0
28 silly packumentCache full:https://registry.npmjs.org/react-is cache-miss
29 http fetch GET 200 https://registry.npmjs.org/react-is 16718ms (cache miss)
30 silly packumentCache full:https://registry.npmjs.org/react-is set size:undefined disposed:false
31 silly fetch manifest lucide-react@^0.562.0
32 silly packumentCache full:https://registry.npmjs.org/lucide-react cache-miss
33 http fetch GET 200 https://registry.npmjs.org/lucide-react 2249ms (cache miss)
34 silly packumentCache full:https://registry.npmjs.org/lucide-react set size:undefined disposed:false
35 silly fetch manifest @types/node@^22.14.0
36 silly packumentCache full:https://registry.npmjs.org/@types%2fnode cache-miss
37 http fetch GET 200 https://registry.npmjs.org/@types%2fnode 9744ms (cache miss)
38 silly packumentCache full:https://registry.npmjs.org/@types%2fnode set size:undefined disposed:false
39 silly fetch manifest @vitejs/plugin-react@^5.0.0
40 silly packumentCache full:https://registry.npmjs.org/@vitejs%2fplugin-react cache-miss
41 http fetch GET 200 https://registry.npmjs.org/@vitejs%2fplugin-react 820ms (cache miss)
42 silly packumentCache full:https://registry.npmjs.org/@vitejs%2fplugin-react set size:undefined disposed:false
43 silly fetch manifest vite@^6.2.0
44 silly packumentCache full:https://registry.npmjs.org/vite cache-miss
45 http fetch GET 200 https://registry.npmjs.org/vite 48095ms (cache miss)
46 silly packumentCache full:https://registry.npmjs.org/vite set size:undefined disposed:false
47 silly fetch manifest jiti@>=1.21.0
48 silly packumentCache full:https://registry.npmjs.org/jiti cache-miss
49 http fetch GET 200 https://registry.npmjs.org/jiti 243ms (cache miss)
50 silly packumentCache full:https://registry.npmjs.org/jiti set size:undefined disposed:false
51 silly fetch manifest less@*
52 silly packumentCache full:https://registry.npmjs.org/less cache-miss
53 http fetch GET 200 https://registry.npmjs.org/less 448ms (cache miss)
54 silly packumentCache full:https://registry.npmjs.org/less set size:undefined disposed:false
55 silly fetch manifest lightningcss@^1.21.0
56 silly packumentCache full:https://registry.npmjs.org/lightningcss cache-miss
57 http fetch GET 200 https://registry.npmjs.org/lightningcss 113ms (cache miss)
58 silly packumentCache full:https://registry.npmjs.org/lightningcss set size:undefined disposed:false
59 silly fetch manifest sass@*
60 silly packumentCache full:https://registry.npmjs.org/sass cache-miss
61 http fetch GET 200 https://registry.npmjs.org/sass 868ms (cache miss)
62 silly packumentCache full:https://registry.npmjs.org/sass set size:undefined disposed:false
63 silly fetch manifest sass-embedded@*
64 silly packumentCache full:https://registry.npmjs.org/sass-embedded cache-miss
65 http fetch GET 200 https://registry.npmjs.org/sass-embedded 437ms (cache miss)
66 silly packumentCache full:https://registry.npmjs.org/sass-embedded set size:undefined disposed:false
67 silly fetch manifest stylus@*
68 silly packumentCache full:https://registry.npmjs.org/stylus cache-miss
69 http fetch GET 200 https://registry.npmjs.org/stylus 559ms (cache miss)
70 silly packumentCache full:https://registry.npmjs.org/stylus set size:undefined disposed:false
71 silly fetch manifest sugarss@*
72 silly packumentCache full:https://registry.npmjs.org/sugarss cache-miss
73 http fetch GET 200 https://registry.npmjs.org/sugarss 531ms (cache miss)
74 silly packumentCache full:https://registry.npmjs.org/sugarss set size:undefined disposed:false
75 silly fetch manifest postcss@^8.3.3
76 silly packumentCache full:https://registry.npmjs.org/postcss cache-miss
77 http fetch GET 200 https://registry.npmjs.org/postcss 314ms (cache miss)
78 silly packumentCache full:https://registry.npmjs.org/postcss set size:undefined disposed:false
79 silly fetch manifest terser@^5.16.0
80 silly packumentCache full:https://registry.npmjs.org/terser cache-miss
81 http fetch GET 200 https://registry.npmjs.org/terser 1785ms (cache miss)
82 silly packumentCache full:https://registry.npmjs.org/terser set size:undefined disposed:false
83 silly fetch manifest tsx@^4.8.1
84 silly packumentCache full:https://registry.npmjs.org/tsx cache-miss
85 http fetch GET 200 https://registry.npmjs.org/tsx 104ms (cache miss)
86 silly packumentCache full:https://registry.npmjs.org/tsx set size:undefined disposed:false
87 silly fetch manifest yaml@^2.4.2
88 silly packumentCache full:https://registry.npmjs.org/yaml cache-miss
89 http fetch GET 200 https://registry.npmjs.org/yaml 1089ms (cache miss)
90 silly packumentCache full:https://registry.npmjs.org/yaml set size:undefined disposed:false
91 silly fetch manifest typescript@~5.8.2
92 silly packumentCache full:https://registry.npmjs.org/typescript cache-miss
93 http fetch GET 200 https://registry.npmjs.org/typescript 8231ms (cache miss)
94 silly packumentCache full:https://registry.npmjs.org/typescript set size:undefined disposed:false
95 silly placeDep ROOT @types/node@22.19.19 OK for: agripoulet-pro-cloud@0.0.0 want: ^22.14.0
96 silly placeDep ROOT @vitejs/plugin-react@5.2.0 OK for: agripoulet-pro-cloud@0.0.0 want: ^5.0.0
97 silly placeDep ROOT vite@6.4.2 OK for: @vitejs/plugin-react@5.2.0 want: ^4.2.0 || ^5.0.0 || ^6.0.0 || ^7.0.0 || ^8.0.0
98 silly placeDep ROOT lucide-react@0.562.0 OK for: agripoulet-pro-cloud@0.0.0 want: ^0.562.0
99 silly placeDep ROOT react@19.2.6 OK for: lucide-react@0.562.0 want: ^16.5.1 || ^17.0.0 || ^18.0.0 || ^19.0.0
100 silly placeDep ROOT react-dom@19.2.6 OK for: agripoulet-pro-cloud@0.0.0 want: ^19.2.3
101 silly placeDep ROOT recharts@3.8.1 OK for: agripoulet-pro-cloud@0.0.0 want: ^3.6.0
102 silly placeDep ROOT react-is@19.2.6 OK for: recharts@3.8.1 want: ^16.8.0 || ^17.0.0 || ^18.0.0 || ^19.0.0
103 silly placeDep ROOT typescript@5.8.3 OK for: agripoulet-pro-cloud@0.0.0 want: ~5.8.2
104 silly fetch manifest undici-types@~6.21.0
105 silly packumentCache full:https://registry.npmjs.org/undici-types cache-miss
106 silly fetch manifest @babel/core@^7.29.0
107 silly packumentCache full:https://registry.npmjs.org/@babel%2fcore cache-miss
108 silly fetch manifest react-refresh@^0.18.0
109 silly packumentCache full:https://registry.npmjs.org/react-refresh cache-miss
110 silly fetch manifest @types/babel__core@^7.20.5
111 silly packumentCache full:https://registry.npmjs.org/@types%2fbabel__core cache-miss
112 silly fetch manifest @rolldown/pluginutils@1.0.0-rc.3
113 silly packumentCache full:https://registry.npmjs.org/@rolldown%2fpluginutils cache-miss
114 silly fetch manifest @babel/plugin-transform-react-jsx-self@^7.27.1
115 silly packumentCache full:https://registry.npmjs.org/@babel%2fplugin-transform-react-jsx-self cache-miss
116 silly fetch manifest @babel/plugin-transform-react-jsx-source@^7.27.1
117 silly packumentCache full:https://registry.npmjs.org/@babel%2fplugin-transform-react-jsx-source cache-miss
118 silly fetch manifest fdir@^6.4.4
119 silly packumentCache full:https://registry.npmjs.org/fdir cache-miss
120 silly fetch manifest rollup@^4.34.9
121 silly packumentCache full:https://registry.npmjs.org/rollup cache-miss
122 silly fetch manifest esbuild@^0.25.0
123 silly packumentCache full:https://registry.npmjs.org/esbuild cache-miss
124 silly fetch manifest postcss@^8.5.3
125 silly packumentCache full:https://registry.npmjs.org/postcss cache-miss
126 silly fetch manifest picomatch@^4.0.2
127 silly packumentCache full:https://registry.npmjs.org/picomatch cache-miss
128 silly fetch manifest tinyglobby@^0.2.13
129 silly packumentCache full:https://registry.npmjs.org/tinyglobby cache-miss
130 silly fetch manifest fsevents@~2.3.3
131 silly packumentCache full:https://registry.npmjs.org/fsevents cache-miss
132 silly fetch manifest scheduler@^0.27.0
133 silly packumentCache full:https://registry.npmjs.org/scheduler cache-miss
134 http cache https://registry.npmjs.org/postcss 35ms (cache hit)
135 silly packumentCache full:https://registry.npmjs.org/postcss set size:723316 disposed:false
136 silly fetch manifest @reduxjs/toolkit@^1.9.0 || 2.x.x
137 silly packumentCache full:https://registry.npmjs.org/@reduxjs%2ftoolkit cache-miss
138 http fetch GET 200 https://registry.npmjs.org/undici-types 121ms (cache miss)
139 silly packumentCache full:https://registry.npmjs.org/undici-types set size:undefined disposed:false
140 silly fetch manifest clsx@^2.1.1
141 silly packumentCache full:https://registry.npmjs.org/clsx cache-miss
142 http fetch GET 200 https://registry.npmjs.org/fdir 513ms (cache miss)
143 silly packumentCache full:https://registry.npmjs.org/fdir set size:undefined disposed:false
144 silly fetch manifest decimal.js-light@^2.5.1
145 silly packumentCache full:https://registry.npmjs.org/decimal.js-light cache-miss
146 http fetch GET 200 https://registry.npmjs.org/tinyglobby 597ms (cache miss)
147 silly packumentCache full:https://registry.npmjs.org/tinyglobby set size:undefined disposed:false
148 silly fetch manifest es-toolkit@^1.39.3
149 silly packumentCache full:https://registry.npmjs.org/es-toolkit cache-miss
150 http fetch GET 200 https://registry.npmjs.org/picomatch 640ms (cache miss)
151 silly packumentCache full:https://registry.npmjs.org/picomatch set size:undefined disposed:false
152 silly fetch manifest eventemitter3@^5.0.1
153 silly packumentCache full:https://registry.npmjs.org/eventemitter3 cache-miss
154 http fetch GET 200 https://registry.npmjs.org/fsevents 882ms (cache miss)
155 silly packumentCache full:https://registry.npmjs.org/fsevents set size:undefined disposed:false
156 silly fetch manifest immer@^10.1.1
157 silly packumentCache full:https://registry.npmjs.org/immer cache-miss
158 http fetch GET 200 https://registry.npmjs.org/@babel%2fcore 899ms (cache miss)
159 silly packumentCache full:https://registry.npmjs.org/@babel%2fcore set size:undefined disposed:false
160 silly fetch manifest react-redux@8.x.x || 9.x.x
161 silly packumentCache full:https://registry.npmjs.org/react-redux cache-miss
162 http fetch GET 200 https://registry.npmjs.org/clsx 796ms (cache miss)
163 silly packumentCache full:https://registry.npmjs.org/clsx set size:undefined disposed:false
164 silly fetch manifest reselect@5.1.1
165 silly packumentCache full:https://registry.npmjs.org/reselect cache-miss
166 http fetch GET 200 https://registry.npmjs.org/@types%2fbabel__core 936ms (cache miss)
167 silly packumentCache full:https://registry.npmjs.org/@types%2fbabel__core set size:undefined disposed:false
168 silly fetch manifest tiny-invariant@^1.3.3
169 silly packumentCache full:https://registry.npmjs.org/tiny-invariant cache-miss
170 http fetch GET 200 https://registry.npmjs.org/@babel%2fplugin-transform-react-jsx-source 947ms (cache miss)
171 silly packumentCache full:https://registry.npmjs.org/@babel%2fplugin-transform-react-jsx-source set size:undefined disposed:false
172 silly fetch manifest use-sync-external-store@^1.2.2
173 silly packumentCache full:https://registry.npmjs.org/use-sync-external-store cache-miss
174 http fetch GET 200 https://registry.npmjs.org/decimal.js-light 515ms (cache miss)
175 silly packumentCache full:https://registry.npmjs.org/decimal.js-light set size:undefined disposed:false
176 silly fetch manifest victory-vendor@^37.0.2
177 silly packumentCache full:https://registry.npmjs.org/victory-vendor cache-miss
178 http fetch GET 200 https://registry.npmjs.org/eventemitter3 407ms (cache miss)
179 silly packumentCache full:https://registry.npmjs.org/eventemitter3 set size:undefined disposed:false
180 http fetch GET 200 https://registry.npmjs.org/@babel%2fplugin-transform-react-jsx-self 1143ms (cache miss)
181 silly packumentCache full:https://registry.npmjs.org/@babel%2fplugin-transform-react-jsx-self set size:undefined disposed:false
182 http fetch GET 200 https://registry.npmjs.org/@rolldown%2fpluginutils 1190ms (cache miss)
183 silly packumentCache full:https://registry.npmjs.org/@rolldown%2fpluginutils set size:undefined disposed:false
184 http fetch GET 200 https://registry.npmjs.org/tiny-invariant 712ms (cache miss)
185 silly packumentCache full:https://registry.npmjs.org/tiny-invariant set size:undefined disposed:false
186 http fetch GET 200 https://registry.npmjs.org/reselect 1153ms (cache miss)
187 silly packumentCache full:https://registry.npmjs.org/reselect set size:undefined disposed:false
188 http fetch GET 200 https://registry.npmjs.org/@reduxjs%2ftoolkit 2163ms (cache miss)
189 silly packumentCache full:https://registry.npmjs.org/@reduxjs%2ftoolkit set size:undefined disposed:false
190 http fetch GET 200 https://registry.npmjs.org/react-redux 1584ms (cache miss)
191 silly packumentCache full:https://registry.npmjs.org/react-redux set size:undefined disposed:false
192 http fetch GET 200 https://registry.npmjs.org/victory-vendor 1483ms (cache miss)
193 silly packumentCache full:https://registry.npmjs.org/victory-vendor set size:undefined disposed:false
194 http fetch GET 200 https://registry.npmjs.org/immer 1635ms (cache miss)
195 silly packumentCache full:https://registry.npmjs.org/immer set size:undefined disposed:false
196 http fetch GET 200 https://registry.npmjs.org/esbuild 3159ms (cache miss)
197 silly packumentCache full:https://registry.npmjs.org/esbuild set size:undefined disposed:false
198 http fetch GET 200 https://registry.npmjs.org/rollup 3767ms (cache miss)
199 silly packumentCache full:https://registry.npmjs.org/rollup set size:undefined disposed:false
200 http fetch GET 200 https://registry.npmjs.org/use-sync-external-store 2922ms (cache miss)
201 silly packumentCache full:https://registry.npmjs.org/use-sync-external-store set size:undefined disposed:false
202 http fetch GET 200 https://registry.npmjs.org/es-toolkit 3294ms (cache miss)
203 silly packumentCache full:https://registry.npmjs.org/es-toolkit set size:undefined disposed:false
204 http fetch GET 200 https://registry.npmjs.org/react-refresh 7046ms (cache miss)
205 silly packumentCache full:https://registry.npmjs.org/react-refresh set size:undefined disposed:false
206 http fetch GET 200 https://registry.npmjs.org/scheduler 7446ms (cache miss)
207 silly packumentCache full:https://registry.npmjs.org/scheduler set size:undefined disposed:false
208 silly placeDep ROOT undici-types@6.21.0 OK for: @types/node@22.19.19 want: ~6.21.0
209 silly placeDep ROOT @babel/core@7.29.0 OK for: @vitejs/plugin-react@5.2.0 want: ^7.29.0
210 silly placeDep ROOT @babel/plugin-transform-react-jsx-self@7.27.1 OK for: @vitejs/plugin-react@5.2.0 want: ^7.27.1
211 silly placeDep ROOT @babel/plugin-transform-react-jsx-source@7.27.1 OK for: @vitejs/plugin-react@5.2.0 want: ^7.27.1
212 silly placeDep ROOT @rolldown/pluginutils@1.0.0-rc.3 OK for: @vitejs/plugin-react@5.2.0 want: 1.0.0-rc.3
213 silly placeDep ROOT @types/babel__core@7.20.5 OK for: @vitejs/plugin-react@5.2.0 want: ^7.20.5
214 silly placeDep ROOT react-refresh@0.18.0 OK for: @vitejs/plugin-react@5.2.0 want: ^0.18.0
215 silly fetch manifest debug@^4.1.0
216 silly packumentCache full:https://registry.npmjs.org/debug cache-miss
217 silly fetch manifest json5@^2.2.3
218 silly packumentCache full:https://registry.npmjs.org/json5 cache-miss
219 silly fetch manifest semver@^6.3.1
220 silly packumentCache full:https://registry.npmjs.org/semver cache-miss
221 silly fetch manifest gensync@^1.0.0-beta.2
222 silly packumentCache full:https://registry.npmjs.org/gensync cache-miss
223 silly fetch manifest @babel/types@^7.29.0
224 silly packumentCache full:https://registry.npmjs.org/@babel%2ftypes cache-miss
225 silly fetch manifest @babel/parser@^7.29.0
226 silly packumentCache full:https://registry.npmjs.org/@babel%2fparser cache-miss
227 silly fetch manifest @babel/helpers@^7.28.6
228 silly packumentCache full:https://registry.npmjs.org/@babel%2fhelpers cache-miss
229 silly fetch manifest @babel/template@^7.28.6
230 silly packumentCache full:https://registry.npmjs.org/@babel%2ftemplate cache-miss
231 silly fetch manifest @babel/traverse@^7.29.0
232 silly packumentCache full:https://registry.npmjs.org/@babel%2ftraverse cache-miss
233 silly fetch manifest @babel/generator@^7.29.0
234 silly packumentCache full:https://registry.npmjs.org/@babel%2fgenerator cache-miss
235 silly fetch manifest @babel/code-frame@^7.29.0
236 silly packumentCache full:https://registry.npmjs.org/@babel%2fcode-frame cache-miss
237 silly fetch manifest convert-source-map@^2.0.0
238 silly packumentCache full:https://registry.npmjs.org/convert-source-map cache-miss
239 silly fetch manifest @jridgewell/remapping@^2.3.5
240 silly packumentCache full:https://registry.npmjs.org/@jridgewell%2fremapping cache-miss
241 silly fetch manifest @babel/helper-module-transforms@^7.28.6
242 silly packumentCache full:https://registry.npmjs.org/@babel%2fhelper-module-transforms cache-miss
243 silly fetch manifest @babel/helper-compilation-targets@^7.28.6
244 silly packumentCache full:https://registry.npmjs.org/@babel%2fhelper-compilation-targets cache-miss
245 http fetch GET 200 https://registry.npmjs.org/json5 193ms (cache miss)
246 silly packumentCache full:https://registry.npmjs.org/json5 set size:undefined disposed:false
247 silly fetch manifest @babel/helper-plugin-utils@^7.27.1
248 silly packumentCache full:https://registry.npmjs.org/@babel%2fhelper-plugin-utils cache-miss
249 http fetch GET 200 https://registry.npmjs.org/convert-source-map 204ms (cache miss)
250 silly packumentCache full:https://registry.npmjs.org/convert-source-map set size:undefined disposed:false
251 silly fetch manifest @babel/helper-plugin-utils@^7.27.1
252 silly packumentCache full:https://registry.npmjs.org/@babel%2fhelper-plugin-utils cache-miss
253 http fetch GET 200 https://registry.npmjs.org/semver 241ms (cache miss)
254 silly packumentCache full:https://registry.npmjs.org/semver set size:undefined disposed:false
255 silly fetch manifest @babel/types@^7.20.7
256 silly packumentCache full:https://registry.npmjs.org/@babel%2ftypes cache-miss
257 http fetch GET 200 https://registry.npmjs.org/@babel%2fcode-frame 343ms (cache miss)
258 silly packumentCache full:https://registry.npmjs.org/@babel%2fcode-frame set size:undefined disposed:false
259 silly fetch manifest @babel/parser@^7.20.7
260 silly packumentCache full:https://registry.npmjs.org/@babel%2fparser cache-miss
261 http fetch GET 200 https://registry.npmjs.org/gensync 347ms (cache miss)
262 silly packumentCache full:https://registry.npmjs.org/gensync set size:undefined disposed:false
263 silly fetch manifest @types/babel__template@*
264 silly packumentCache full:https://registry.npmjs.org/@types%2fbabel__template cache-miss
265 http fetch GET 200 https://registry.npmjs.org/@babel%2fparser 527ms (cache miss)
266 silly packumentCache full:https://registry.npmjs.org/@babel%2fparser set size:undefined disposed:false
267 silly fetch manifest @types/babel__traverse@*
268 silly packumentCache full:https://registry.npmjs.org/@types%2fbabel__traverse cache-miss
269 http fetch GET 200 https://registry.npmjs.org/@babel%2fhelpers 594ms (cache miss)
270 silly packumentCache full:https://registry.npmjs.org/@babel%2fhelpers set size:undefined disposed:false
271 silly fetch manifest @types/babel__generator@*
272 silly packumentCache full:https://registry.npmjs.org/@types%2fbabel__generator cache-miss
273 http fetch GET 200 https://registry.npmjs.org/@babel%2ftemplate 823ms (cache miss)
274 silly packumentCache full:https://registry.npmjs.org/@babel%2ftemplate set size:undefined disposed:false
275 http fetch GET 200 https://registry.npmjs.org/@babel%2fhelper-compilation-targets 862ms (cache miss)
276 silly packumentCache full:https://registry.npmjs.org/@babel%2fhelper-compilation-targets set size:undefined disposed:false
277 http fetch GET 200 https://registry.npmjs.org/@babel%2fhelper-module-transforms 868ms (cache miss)
278 silly packumentCache full:https://registry.npmjs.org/@babel%2fhelper-module-transforms set size:undefined disposed:false
279 http fetch GET 200 https://registry.npmjs.org/@jridgewell%2fremapping 884ms (cache miss)
280 silly packumentCache full:https://registry.npmjs.org/@jridgewell%2fremapping set size:undefined disposed:false
281 http fetch GET 200 https://registry.npmjs.org/@babel%2fparser 620ms (cache miss)
282 silly packumentCache full:https://registry.npmjs.org/@babel%2fparser set size:undefined disposed:false
283 http fetch GET 200 https://registry.npmjs.org/@babel%2ftypes 740ms (cache miss)
284 silly packumentCache full:https://registry.npmjs.org/@babel%2ftypes set size:undefined disposed:false
285 http fetch GET 200 https://registry.npmjs.org/@types%2fbabel__traverse 456ms (cache miss)
286 silly packumentCache full:https://registry.npmjs.org/@types%2fbabel__traverse set size:undefined disposed:false
287 http fetch GET 200 https://registry.npmjs.org/@babel%2ftraverse 1100ms (cache miss)
288 silly packumentCache full:https://registry.npmjs.org/@babel%2ftraverse set size:undefined disposed:false
289 http fetch GET 200 https://registry.npmjs.org/@types%2fbabel__generator 644ms (cache miss)
290 silly packumentCache full:https://registry.npmjs.org/@types%2fbabel__generator set size:undefined disposed:false
291 http fetch GET 200 https://registry.npmjs.org/@babel%2fgenerator 1276ms (cache miss)
292 silly packumentCache full:https://registry.npmjs.org/@babel%2fgenerator set size:undefined disposed:false
293 http fetch GET 200 https://registry.npmjs.org/@babel%2fhelper-plugin-utils 1149ms (cache miss)
294 silly packumentCache full:https://registry.npmjs.org/@babel%2fhelper-plugin-utils set size:undefined disposed:false
295 http fetch GET 200 https://registry.npmjs.org/@babel%2fhelper-plugin-utils 1165ms (cache miss)
296 silly packumentCache full:https://registry.npmjs.org/@babel%2fhelper-plugin-utils set size:undefined disposed:false
297 http fetch GET 200 https://registry.npmjs.org/@types%2fbabel__template 1083ms (cache miss)
298 silly packumentCache full:https://registry.npmjs.org/@types%2fbabel__template set size:undefined disposed:false
299 http fetch GET 200 https://registry.npmjs.org/@babel%2ftypes 1925ms (cache miss)
300 silly packumentCache full:https://registry.npmjs.org/@babel%2ftypes set size:undefined disposed:false
301 http fetch GET 200 https://registry.npmjs.org/debug 3019ms (cache miss)
302 silly packumentCache full:https://registry.npmjs.org/debug set size:undefined disposed:false
303 silly fetch manifest @babel/core@^7.0.0
304 silly packumentCache full:https://registry.npmjs.org/@babel%2fcore cache-miss
305 http cache https://registry.npmjs.org/@babel%2fcore 10ms (cache hit)
306 silly packumentCache full:https://registry.npmjs.org/@babel%2fcore set size:768033 disposed:false
307 silly placeDep ROOT @babel/code-frame@7.29.0 OK for: @babel/core@7.29.0 want: ^7.29.0
308 silly placeDep ROOT @babel/generator@7.29.1 OK for: @babel/core@7.29.0 want: ^7.29.0
309 silly placeDep ROOT @babel/helper-compilation-targets@7.28.6 OK for: @babel/core@7.29.0 want: ^7.28.6
310 silly placeDep ROOT @babel/helper-module-transforms@7.28.6 OK for: @babel/core@7.29.0 want: ^7.28.6
311 silly placeDep ROOT @babel/helpers@7.29.2 OK for: @babel/core@7.29.0 want: ^7.28.6
312 silly placeDep ROOT @babel/parser@7.29.3 OK for: @babel/core@7.29.0 want: ^7.29.0
313 silly placeDep ROOT @babel/template@7.28.6 OK for: @babel/core@7.29.0 want: ^7.28.6
314 silly placeDep ROOT @babel/traverse@7.29.0 OK for: @babel/core@7.29.0 want: ^7.29.0
315 silly placeDep ROOT @babel/types@7.29.0 OK for: @babel/core@7.29.0 want: ^7.29.0
316 silly placeDep ROOT @jridgewell/remapping@2.3.5 OK for: @babel/core@7.29.0 want: ^2.3.5
317 silly placeDep ROOT convert-source-map@2.0.0 OK for: @babel/core@7.29.0 want: ^2.0.0
318 silly placeDep ROOT debug@4.4.3 OK for: @babel/core@7.29.0 want: ^4.1.0
319 silly placeDep ROOT gensync@1.0.0-beta.2 OK for: @babel/core@7.29.0 want: ^1.0.0-beta.2
320 silly placeDep ROOT json5@2.2.3 OK for: @babel/core@7.29.0 want: ^2.2.3
321 silly placeDep ROOT semver@6.3.1 OK for: @babel/core@7.29.0 want: ^6.3.1
322 silly fetch manifest js-tokens@^4.0.0
323 silly packumentCache full:https://registry.npmjs.org/js-tokens cache-miss
324 silly fetch manifest picocolors@^1.1.1
325 silly packumentCache full:https://registry.npmjs.org/picocolors cache-miss
326 silly fetch manifest @babel/helper-validator-identifier@^7.28.5
327 silly packumentCache full:https://registry.npmjs.org/@babel%2fhelper-validator-identifier cache-miss
328 silly fetch manifest jsesc@^3.0.2
329 silly packumentCache full:https://registry.npmjs.org/jsesc cache-miss
330 silly fetch manifest @jridgewell/gen-mapping@^0.3.12
331 silly packumentCache full:https://registry.npmjs.org/@jridgewell%2fgen-mapping cache-miss
332 silly fetch manifest @jridgewell/trace-mapping@^0.3.28
333 silly packumentCache full:https://registry.npmjs.org/@jridgewell%2ftrace-mapping cache-miss
334 silly fetch manifest lru-cache@^5.1.1
335 silly packumentCache full:https://registry.npmjs.org/lru-cache cache-miss
336 silly fetch manifest browserslist@^4.24.0
337 silly packumentCache full:https://registry.npmjs.org/browserslist cache-miss
338 silly fetch manifest @babel/compat-data@^7.28.6
339 silly packumentCache full:https://registry.npmjs.org/@babel%2fcompat-data cache-miss
340 silly fetch manifest @babel/helper-validator-option@^7.27.1
341 silly packumentCache full:https://registry.npmjs.org/@babel%2fhelper-validator-option cache-miss
342 silly fetch manifest @babel/traverse@^7.28.6
343 silly packumentCache full:https://registry.npmjs.org/@babel%2ftraverse cache-miss
344 silly fetch manifest @babel/helper-module-imports@^7.28.6
345 silly packumentCache full:https://registry.npmjs.org/@babel%2fhelper-module-imports cache-miss
346 silly fetch manifest @babel/helper-validator-identifier@^7.28.5
347 silly packumentCache full:https://registry.npmjs.org/@babel%2fhelper-validator-identifier cache-miss
348 silly fetch manifest @babel/types@^7.28.6
349 silly packumentCache full:https://registry.npmjs.org/@babel%2ftypes cache-miss
350 silly fetch manifest debug@^4.3.1
351 silly packumentCache full:https://registry.npmjs.org/debug cache-miss
352 http cache https://registry.npmjs.org/@babel%2ftraverse 8ms (cache hit)
353 silly packumentCache full:https://registry.npmjs.org/@babel%2ftraverse set size:553169 disposed:false
354 silly fetch manifest @babel/helper-globals@^7.28.0
355 silly packumentCache full:https://registry.npmjs.org/@babel%2fhelper-globals cache-miss
356 http cache https://registry.npmjs.org/@babel%2ftypes 11ms (cache hit)
357 silly packumentCache full:https://registry.npmjs.org/@babel%2ftypes set size:491978 disposed:false
358 silly fetch manifest @babel/helper-string-parser@^7.27.1
359 silly packumentCache full:https://registry.npmjs.org/@babel%2fhelper-string-parser cache-miss
360 http cache https://registry.npmjs.org/debug 14ms (cache hit)
361 silly packumentCache full:https://registry.npmjs.org/debug set size:195840 disposed:false
362 silly fetch manifest @babel/helper-validator-identifier@^7.28.5
363 silly packumentCache full:https://registry.npmjs.org/@babel%2fhelper-validator-identifier cache-miss
364 http fetch GET 200 https://registry.npmjs.org/js-tokens 34ms (cache miss)
365 silly packumentCache full:https://registry.npmjs.org/js-tokens set size:undefined disposed:false
366 silly fetch manifest @jridgewell/gen-mapping@^0.3.5
367 silly packumentCache full:https://registry.npmjs.org/@jridgewell%2fgen-mapping cache-miss
368 http fetch GET 200 https://registry.npmjs.org/@babel%2fhelper-module-imports 153ms (cache miss)
369 silly packumentCache full:https://registry.npmjs.org/@babel%2fhelper-module-imports set size:undefined disposed:false
370 silly fetch manifest @jridgewell/trace-mapping@^0.3.24
371 silly packumentCache full:https://registry.npmjs.org/@jridgewell%2ftrace-mapping cache-miss
372 http fetch GET 200 https://registry.npmjs.org/picocolors 297ms (cache miss)
373 silly packumentCache full:https://registry.npmjs.org/picocolors set size:undefined disposed:false
374 silly fetch manifest ms@^2.1.3
375 silly packumentCache full:https://registry.npmjs.org/ms cache-miss
376 http fetch GET 200 https://registry.npmjs.org/@babel%2fhelper-validator-identifier 315ms (cache miss)
377 silly packumentCache full:https://registry.npmjs.org/@babel%2fhelper-validator-identifier set size:undefined disposed:false
378 http fetch GET 200 https://registry.npmjs.org/@babel%2fhelper-globals 325ms (cache miss)
379 silly packumentCache full:https://registry.npmjs.org/@babel%2fhelper-globals set size:undefined disposed:false
380 http fetch GET 200 https://registry.npmjs.org/@jridgewell%2ftrace-mapping 889ms (cache miss)
381 silly packumentCache full:https://registry.npmjs.org/@jridgewell%2ftrace-mapping set size:undefined disposed:false
382 http fetch GET 200 https://registry.npmjs.org/lru-cache 890ms (cache miss)
383 silly packumentCache full:https://registry.npmjs.org/lru-cache set size:undefined disposed:false
384 http fetch GET 200 https://registry.npmjs.org/@jridgewell%2fgen-mapping 1178ms (cache miss)
385 silly packumentCache full:https://registry.npmjs.org/@jridgewell%2fgen-mapping set size:undefined disposed:false
386 http fetch GET 200 https://registry.npmjs.org/browserslist 1420ms (cache miss)
387 silly packumentCache full:https://registry.npmjs.org/browserslist set size:undefined disposed:false
388 http fetch GET 200 https://registry.npmjs.org/@babel%2fhelper-validator-option 1496ms (cache miss)
389 silly packumentCache full:https://registry.npmjs.org/@babel%2fhelper-validator-option set size:undefined disposed:false
390 http fetch GET 200 https://registry.npmjs.org/@jridgewell%2fgen-mapping 1503ms (cache miss)
391 silly packumentCache full:https://registry.npmjs.org/@jridgewell%2fgen-mapping set size:undefined disposed:false
392 http fetch GET 200 https://registry.npmjs.org/ms 1220ms (cache miss)
393 silly packumentCache full:https://registry.npmjs.org/ms set size:undefined disposed:false
394 http fetch GET 200 https://registry.npmjs.org/@jridgewell%2ftrace-mapping 1440ms (cache miss)
395 silly packumentCache full:https://registry.npmjs.org/@jridgewell%2ftrace-mapping set size:undefined disposed:false
396 http fetch GET 200 https://registry.npmjs.org/@babel%2fcompat-data 1615ms (cache miss)
397 silly packumentCache full:https://registry.npmjs.org/@babel%2fcompat-data set size:undefined disposed:false
398 http fetch GET 200 https://registry.npmjs.org/@babel%2fhelper-string-parser 1627ms (cache miss)
399 silly packumentCache full:https://registry.npmjs.org/@babel%2fhelper-string-parser set size:undefined disposed:false
400 http fetch GET 200 https://registry.npmjs.org/@babel%2fhelper-validator-identifier 2255ms (cache miss)
401 silly packumentCache full:https://registry.npmjs.org/@babel%2fhelper-validator-identifier set size:undefined disposed:false
402 http fetch GET 200 https://registry.npmjs.org/jsesc 2441ms (cache miss)
403 silly packumentCache full:https://registry.npmjs.org/jsesc set size:undefined disposed:false
404 http fetch GET 200 https://registry.npmjs.org/@babel%2fhelper-validator-identifier 2519ms (cache miss)
405 silly packumentCache full:https://registry.npmjs.org/@babel%2fhelper-validator-identifier set size:undefined disposed:false
406 silly placeDep ROOT @babel/helper-validator-identifier@7.28.5 OK for: @babel/code-frame@7.29.0 want: ^7.28.5
407 silly placeDep ROOT js-tokens@4.0.0 OK for: @babel/code-frame@7.29.0 want: ^4.0.0
408 silly placeDep ROOT picocolors@1.1.1 OK for: @babel/code-frame@7.29.0 want: ^1.1.1
409 silly placeDep ROOT @jridgewell/gen-mapping@0.3.13 OK for: @babel/generator@7.29.1 want: ^0.3.12
410 silly placeDep ROOT @jridgewell/trace-mapping@0.3.31 OK for: @babel/generator@7.29.1 want: ^0.3.28
411 silly placeDep ROOT jsesc@3.1.0 OK for: @babel/generator@7.29.1 want: ^3.0.2
412 silly fetch manifest @jridgewell/sourcemap-codec@^1.5.0
413 silly packumentCache full:https://registry.npmjs.org/@jridgewell%2fsourcemap-codec cache-miss
414 silly fetch manifest @jridgewell/resolve-uri@^3.1.0
415 silly packumentCache full:https://registry.npmjs.org/@jridgewell%2fresolve-uri cache-miss
416 silly fetch manifest @jridgewell/sourcemap-codec@^1.4.14
417 silly packumentCache full:https://registry.npmjs.org/@jridgewell%2fsourcemap-codec cache-miss
418 http fetch GET 200 https://registry.npmjs.org/@jridgewell%2fsourcemap-codec 272ms (cache miss)
419 silly packumentCache full:https://registry.npmjs.org/@jridgewell%2fsourcemap-codec set size:undefined disposed:false
420 http fetch GET 200 https://registry.npmjs.org/@jridgewell%2fsourcemap-codec 413ms (cache miss)
421 silly packumentCache full:https://registry.npmjs.org/@jridgewell%2fsourcemap-codec set size:undefined disposed:false
422 http fetch GET 200 https://registry.npmjs.org/@jridgewell%2fresolve-uri 524ms (cache miss)
423 silly packumentCache full:https://registry.npmjs.org/@jridgewell%2fresolve-uri set size:undefined disposed:false
424 silly placeDep ROOT @babel/compat-data@7.29.3 OK for: @babel/helper-compilation-targets@7.28.6 want: ^7.28.6
425 silly placeDep ROOT @babel/helper-validator-option@7.27.1 OK for: @babel/helper-compilation-targets@7.28.6 want: ^7.27.1
426 silly placeDep ROOT browserslist@4.28.2 OK for: @babel/helper-compilation-targets@7.28.6 want: ^4.24.0
427 silly placeDep ROOT lru-cache@5.1.1 OK for: @babel/helper-compilation-targets@7.28.6 want: ^5.1.1
428 silly fetch manifest baseline-browser-mapping@^2.10.12
429 silly packumentCache full:https://registry.npmjs.org/baseline-browser-mapping cache-miss
430 silly fetch manifest caniuse-lite@^1.0.30001782
431 silly packumentCache full:https://registry.npmjs.org/caniuse-lite cache-miss
432 silly fetch manifest electron-to-chromium@^1.5.328
433 silly packumentCache full:https://registry.npmjs.org/electron-to-chromium cache-miss
434 silly fetch manifest node-releases@^2.0.36
435 silly packumentCache full:https://registry.npmjs.org/node-releases cache-miss
436 silly fetch manifest update-browserslist-db@^1.2.3
437 silly packumentCache full:https://registry.npmjs.org/update-browserslist-db cache-miss
438 silly fetch manifest yallist@^3.0.2
439 silly packumentCache full:https://registry.npmjs.org/yallist cache-miss
440 http fetch GET 200 https://registry.npmjs.org/yallist 76ms (cache miss)
441 silly packumentCache full:https://registry.npmjs.org/yallist set size:undefined disposed:false
442 http fetch GET 200 https://registry.npmjs.org/update-browserslist-db 80ms (cache miss)
443 silly packumentCache full:https://registry.npmjs.org/update-browserslist-db set size:undefined disposed:false
444 http fetch GET 200 https://registry.npmjs.org/baseline-browser-mapping 674ms (cache miss)
445 silly packumentCache full:https://registry.npmjs.org/baseline-browser-mapping set size:undefined disposed:false
446 http fetch GET 200 https://registry.npmjs.org/node-releases 2203ms (cache miss)
447 silly packumentCache full:https://registry.npmjs.org/node-releases set size:undefined disposed:false
448 http fetch GET 200 https://registry.npmjs.org/caniuse-lite 4212ms (cache miss)
449 silly packumentCache full:https://registry.npmjs.org/caniuse-lite set size:undefined disposed:false
450 http fetch GET 200 https://registry.npmjs.org/electron-to-chromium 5991ms (cache miss)
451 silly packumentCache full:https://registry.npmjs.org/electron-to-chromium set size:undefined disposed:false
452 silly placeDep ROOT @babel/helper-module-imports@7.28.6 OK for: @babel/helper-module-transforms@7.28.6 want: ^7.28.6
453 silly placeDep ROOT @babel/helper-plugin-utils@7.28.6 OK for: @babel/plugin-transform-react-jsx-self@7.27.1 want: ^7.27.1
454 silly placeDep ROOT @babel/helper-globals@7.28.0 OK for: @babel/traverse@7.29.0 want: ^7.28.0
455 silly placeDep ROOT @babel/helper-string-parser@7.27.1 OK for: @babel/types@7.29.0 want: ^7.27.1
456 silly placeDep ROOT @jridgewell/sourcemap-codec@1.5.5 OK for: @jridgewell/gen-mapping@0.3.13 want: ^1.5.0
457 silly placeDep ROOT @jridgewell/resolve-uri@3.1.2 OK for: @jridgewell/trace-mapping@0.3.31 want: ^3.1.0
458 silly placeDep ROOT @types/babel__generator@7.27.0 OK for: @types/babel__core@7.20.5 want: *
459 silly placeDep ROOT @types/babel__template@7.4.4 OK for: @types/babel__core@7.20.5 want: *
460 silly placeDep ROOT @types/babel__traverse@7.28.0 OK for: @types/babel__core@7.20.5 want: *
461 silly fetch manifest browserslist@>= 4.21.0
462 silly packumentCache full:https://registry.npmjs.org/browserslist cache-miss
463 http cache https://registry.npmjs.org/browserslist 5ms (cache hit)
464 silly packumentCache full:https://registry.npmjs.org/browserslist set size:504681 disposed:false
465 silly placeDep ROOT baseline-browser-mapping@2.10.31 OK for: browserslist@4.28.2 want: ^2.10.12
466 silly placeDep ROOT caniuse-lite@1.0.30001793 OK for: browserslist@4.28.2 want: ^1.0.30001782
467 silly placeDep ROOT electron-to-chromium@1.5.360 OK for: browserslist@4.28.2 want: ^1.5.328
468 silly placeDep ROOT node-releases@2.0.44 OK for: browserslist@4.28.2 want: ^2.0.36
469 silly placeDep ROOT update-browserslist-db@1.2.3 OK for: browserslist@4.28.2 want: ^1.2.3
470 silly fetch manifest escalade@^3.2.0
471 silly packumentCache full:https://registry.npmjs.org/escalade cache-miss
472 http fetch GET 200 https://registry.npmjs.org/escalade 114ms (cache miss)
473 silly packumentCache full:https://registry.npmjs.org/escalade set size:undefined disposed:false
474 silly placeDep ROOT ms@2.1.3 OK for: debug@4.4.3 want: ^2.1.3
475 silly placeDep ROOT yallist@3.1.1 OK for: lru-cache@5.1.1 want: ^3.0.2
476 silly placeDep ROOT scheduler@0.27.0 OK for: react-dom@19.2.6 want: ^0.27.0
477 silly fetch manifest react@^16.8.0 || ^17.0.0 || ^18.0.0 || ^19.0.0
478 silly packumentCache full:https://registry.npmjs.org/react cache-miss
479 http cache https://registry.npmjs.org/react 12ms (cache hit)
480 silly packumentCache full:https://registry.npmjs.org/react set size:6650647 disposed:false
481 silly fetch manifest @types/react@^18.2.25 || ^19
482 silly packumentCache full:https://registry.npmjs.org/@types%2freact cache-miss
483 http fetch GET 200 https://registry.npmjs.org/@types%2freact 1599ms (cache miss)
484 silly packumentCache full:https://registry.npmjs.org/@types%2freact set size:undefined disposed:false
485 silly fetch manifest redux@^5.0.0
486 silly packumentCache full:https://registry.npmjs.org/redux cache-miss
487 http fetch GET 200 https://registry.npmjs.org/redux 1102ms (cache miss)
488 silly packumentCache full:https://registry.npmjs.org/redux set size:undefined disposed:false
489 silly placeDep ROOT @reduxjs/toolkit@2.12.0 OK for: recharts@3.8.1 want: ^1.9.0 || 2.x.x
490 silly placeDep ROOT clsx@2.1.1 OK for: recharts@3.8.1 want: ^2.1.1
491 silly placeDep ROOT decimal.js-light@2.5.1 OK for: recharts@3.8.1 want: ^2.5.1
492 silly placeDep ROOT es-toolkit@1.46.1 OK for: recharts@3.8.1 want: ^1.39.3
493 silly placeDep ROOT eventemitter3@5.0.4 OK for: recharts@3.8.1 want: ^5.0.1
494 silly placeDep ROOT immer@10.2.0 OK for: recharts@3.8.1 want: ^10.1.1
495 silly placeDep ROOT react-redux@9.3.0 OK for: recharts@3.8.1 want: 8.x.x || 9.x.x
496 silly placeDep ROOT reselect@5.1.1 OK for: recharts@3.8.1 want: 5.1.1
497 silly placeDep ROOT tiny-invariant@1.3.3 OK for: recharts@3.8.1 want: ^1.3.3
498 silly placeDep ROOT use-sync-external-store@1.6.0 OK for: recharts@3.8.1 want: ^1.2.2
499 silly placeDep ROOT victory-vendor@37.3.6 OK for: recharts@3.8.1 want: ^37.0.2
500 silly fetch manifest @standard-schema/spec@^1.0.0
501 silly packumentCache full:https://registry.npmjs.org/@standard-schema%2fspec cache-miss
502 silly fetch manifest @standard-schema/utils@^0.3.0
503 silly packumentCache full:https://registry.npmjs.org/@standard-schema%2futils cache-miss
504 silly fetch manifest immer@^11.0.0
505 silly packumentCache full:https://registry.npmjs.org/immer cache-miss
506 silly fetch manifest redux@^5.0.1
507 silly packumentCache full:https://registry.npmjs.org/redux cache-miss
508 silly fetch manifest redux-thunk@^3.1.0
509 silly packumentCache full:https://registry.npmjs.org/redux-thunk cache-miss
510 silly fetch manifest reselect@^5.1.0
511 silly packumentCache full:https://registry.npmjs.org/reselect cache-miss
512 silly fetch manifest @types/use-sync-external-store@^0.0.6
513 silly packumentCache full:https://registry.npmjs.org/@types%2fuse-sync-external-store cache-miss
514 silly fetch manifest use-sync-external-store@^1.4.0
515 silly packumentCache full:https://registry.npmjs.org/use-sync-external-store cache-miss
516 silly fetch manifest d3-ease@^3.0.1
517 silly packumentCache full:https://registry.npmjs.org/d3-ease cache-miss
518 silly fetch manifest d3-time@^3.0.0
519 silly packumentCache full:https://registry.npmjs.org/d3-time cache-miss
520 silly fetch manifest d3-array@^3.1.6
521 silly packumentCache full:https://registry.npmjs.org/d3-array cache-miss
522 silly fetch manifest d3-scale@^4.0.2
523 silly packumentCache full:https://registry.npmjs.org/d3-scale cache-miss
524 silly fetch manifest d3-shape@^3.1.0
525 silly packumentCache full:https://registry.npmjs.org/d3-shape cache-miss
526 silly fetch manifest d3-timer@^3.0.1
527 silly packumentCache full:https://registry.npmjs.org/d3-timer cache-miss
528 silly fetch manifest @types/d3-ease@^3.0.0
529 silly packumentCache full:https://registry.npmjs.org/@types%2fd3-ease cache-miss
530 http cache https://registry.npmjs.org/redux 10ms (cache hit)
531 silly packumentCache full:https://registry.npmjs.org/redux set size:553833 disposed:false
532 silly fetch manifest @types/d3-time@^3.0.0
533 silly packumentCache full:https://registry.npmjs.org/@types%2fd3-time cache-miss
534 http cache https://registry.npmjs.org/reselect 17ms (cache hit)
535 silly packumentCache full:https://registry.npmjs.org/reselect set size:353417 disposed:false
536 silly fetch manifest d3-interpolate@^3.0.1
537 silly packumentCache full:https://registry.npmjs.org/d3-interpolate cache-miss
538 http cache https://registry.npmjs.org/immer 23ms (cache hit)
539 silly packumentCache full:https://registry.npmjs.org/immer set size:761699 disposed:false
540 silly fetch manifest @types/d3-array@^3.0.3
541 silly packumentCache full:https://registry.npmjs.org/@types%2fd3-array cache-miss
542 http cache https://registry.npmjs.org/use-sync-external-store 32ms (cache hit)
543 silly packumentCache full:https://registry.npmjs.org/use-sync-external-store set size:4675268 disposed:false
544 silly fetch manifest @types/d3-scale@^4.0.2
545 silly packumentCache full:https://registry.npmjs.org/@types%2fd3-scale cache-miss
546 http fetch GET 200 https://registry.npmjs.org/d3-timer 127ms (cache miss)
547 silly packumentCache full:https://registry.npmjs.org/d3-timer set size:undefined disposed:false
548 silly fetch manifest @types/d3-shape@^3.1.0
549 silly packumentCache full:https://registry.npmjs.org/@types%2fd3-shape cache-miss
550 http fetch GET 200 https://registry.npmjs.org/d3-ease 396ms (cache miss)
551 silly packumentCache full:https://registry.npmjs.org/d3-ease set size:undefined disposed:false
552 silly fetch manifest @types/d3-timer@^3.0.0
553 silly packumentCache full:https://registry.npmjs.org/@types%2fd3-timer cache-miss
554 http fetch GET 200 https://registry.npmjs.org/d3-time 430ms (cache miss)
555 silly packumentCache full:https://registry.npmjs.org/d3-time set size:undefined disposed:false
556 silly fetch manifest @types/d3-interpolate@^3.0.1
557 silly packumentCache full:https://registry.npmjs.org/@types%2fd3-interpolate cache-miss
558 http fetch GET 200 https://registry.npmjs.org/@types%2fuse-sync-external-store 557ms (cache miss)
559 silly packumentCache full:https://registry.npmjs.org/@types%2fuse-sync-external-store set size:undefined disposed:false
560 http fetch GET 200 https://registry.npmjs.org/@types%2fd3-time 551ms (cache miss)
561 silly packumentCache full:https://registry.npmjs.org/@types%2fd3-time set size:undefined disposed:false
562 http fetch GET 200 https://registry.npmjs.org/@types%2fd3-array 582ms (cache miss)
563 silly packumentCache full:https://registry.npmjs.org/@types%2fd3-array set size:undefined disposed:false
564 http fetch GET 200 https://registry.npmjs.org/@standard-schema%2futils 616ms (cache miss)
565 silly packumentCache full:https://registry.npmjs.org/@standard-schema%2futils set size:undefined disposed:false
566 http fetch GET 200 https://registry.npmjs.org/@types%2fd3-timer 515ms (cache miss)
567 silly packumentCache full:https://registry.npmjs.org/@types%2fd3-timer set size:undefined disposed:false
568 http fetch GET 200 https://registry.npmjs.org/@types%2fd3-shape 830ms (cache miss)
569 silly packumentCache full:https://registry.npmjs.org/@types%2fd3-shape set size:undefined disposed:false
570 http fetch GET 200 https://registry.npmjs.org/d3-scale 1019ms (cache miss)
571 silly packumentCache full:https://registry.npmjs.org/d3-scale set size:undefined disposed:false
572 http fetch GET 200 https://registry.npmjs.org/@types%2fd3-interpolate 599ms (cache miss)
573 silly packumentCache full:https://registry.npmjs.org/@types%2fd3-interpolate set size:undefined disposed:false
574 http fetch GET 200 https://registry.npmjs.org/@standard-schema%2fspec 1040ms (cache miss)
575 silly packumentCache full:https://registry.npmjs.org/@standard-schema%2fspec set size:undefined disposed:false
576 http fetch GET 200 https://registry.npmjs.org/@types%2fd3-scale 1004ms (cache miss)
577 silly packumentCache full:https://registry.npmjs.org/@types%2fd3-scale set size:undefined disposed:false
578 http fetch GET 200 https://registry.npmjs.org/d3-shape 1562ms (cache miss)
579 silly packumentCache full:https://registry.npmjs.org/d3-shape set size:undefined disposed:false
580 http fetch GET 200 https://registry.npmjs.org/d3-interpolate 1574ms (cache miss)
581 silly packumentCache full:https://registry.npmjs.org/d3-interpolate set size:undefined disposed:false
582 http fetch GET 200 https://registry.npmjs.org/d3-array 1713ms (cache miss)
583 silly packumentCache full:https://registry.npmjs.org/d3-array set size:undefined disposed:false
584 http fetch GET 200 https://registry.npmjs.org/@types%2fd3-ease 1964ms (cache miss)
585 silly packumentCache full:https://registry.npmjs.org/@types%2fd3-ease set size:undefined disposed:false
586 http fetch GET 200 https://registry.npmjs.org/redux-thunk 2674ms (cache miss)
587 silly packumentCache full:https://registry.npmjs.org/redux-thunk set size:undefined disposed:false
588 silly placeDep ROOT @standard-schema/spec@1.1.0 OK for: @reduxjs/toolkit@2.12.0 want: ^1.0.0
589 silly placeDep ROOT @standard-schema/utils@0.3.0 OK for: @reduxjs/toolkit@2.12.0 want: ^0.3.0
590 silly placeDep node_modules/@reduxjs/toolkit immer@11.1.8 OK for: @reduxjs/toolkit@2.12.0 want: ^11.0.0
591 silly placeDep ROOT redux@5.0.1 OK for: @reduxjs/toolkit@2.12.0 want: ^5.0.1
592 silly placeDep ROOT redux-thunk@3.1.0 OK for: @reduxjs/toolkit@2.12.0 want: ^3.1.0
593 silly placeDep ROOT @types/use-sync-external-store@0.0.6 OK for: react-redux@9.3.0 want: ^0.0.6
594 silly placeDep ROOT escalade@3.2.0 OK for: update-browserslist-db@1.2.3 want: ^3.2.0
595 silly placeDep ROOT @types/d3-array@3.2.2 OK for: victory-vendor@37.3.6 want: ^3.0.3
596 silly placeDep ROOT @types/d3-ease@3.0.2 OK for: victory-vendor@37.3.6 want: ^3.0.0
597 silly placeDep ROOT @types/d3-interpolate@3.0.4 OK for: victory-vendor@37.3.6 want: ^3.0.1
598 silly placeDep ROOT @types/d3-scale@4.0.9 OK for: victory-vendor@37.3.6 want: ^4.0.2
599 silly placeDep ROOT @types/d3-shape@3.1.8 OK for: victory-vendor@37.3.6 want: ^3.1.0
600 silly placeDep ROOT @types/d3-time@3.0.4 OK for: victory-vendor@37.3.6 want: ^3.0.0
601 silly placeDep ROOT @types/d3-timer@3.0.2 OK for: victory-vendor@37.3.6 want: ^3.0.0
602 silly placeDep ROOT d3-array@3.2.4 OK for: victory-vendor@37.3.6 want: ^3.1.6
603 silly placeDep ROOT d3-ease@3.0.1 OK for: victory-vendor@37.3.6 want: ^3.0.1
604 silly placeDep ROOT d3-interpolate@3.0.1 OK for: victory-vendor@37.3.6 want: ^3.0.1
605 silly placeDep ROOT d3-scale@4.0.2 OK for: victory-vendor@37.3.6 want: ^4.0.2
606 silly placeDep ROOT d3-shape@3.2.0 OK for: victory-vendor@37.3.6 want: ^3.1.0
607 silly placeDep ROOT d3-time@3.1.0 OK for: victory-vendor@37.3.6 want: ^3.0.0
608 silly placeDep ROOT d3-timer@3.0.1 OK for: victory-vendor@37.3.6 want: ^3.0.1
609 silly fetch manifest @types/d3-color@*
610 silly packumentCache full:https://registry.npmjs.org/@types%2fd3-color cache-miss
611 silly fetch manifest @types/d3-time@*
612 silly packumentCache full:https://registry.npmjs.org/@types%2fd3-time cache-miss
613 silly fetch manifest @types/d3-path@*
614 silly packumentCache full:https://registry.npmjs.org/@types%2fd3-path cache-miss
615 silly fetch manifest internmap@1 - 2
616 silly packumentCache full:https://registry.npmjs.org/internmap cache-miss
617 silly fetch manifest d3-color@1 - 3
618 silly packumentCache full:https://registry.npmjs.org/d3-color cache-miss
619 silly fetch manifest d3-format@1 - 3
620 silly packumentCache full:https://registry.npmjs.org/d3-format cache-miss
621 silly fetch manifest d3-time@2.1.1 - 3
622 silly packumentCache full:https://registry.npmjs.org/d3-time cache-miss
623 silly fetch manifest d3-time-format@2 - 4
624 silly packumentCache full:https://registry.npmjs.org/d3-time-format cache-miss
625 silly fetch manifest d3-path@^3.1.0
626 silly packumentCache full:https://registry.npmjs.org/d3-path cache-miss
627 http cache https://registry.npmjs.org/@types%2fd3-time 9ms (cache hit)
628 silly packumentCache full:https://registry.npmjs.org/@types%2fd3-time set size:52652 disposed:false
629 http cache https://registry.npmjs.org/d3-time 9ms (cache hit)
630 silly packumentCache full:https://registry.npmjs.org/d3-time set size:150406 disposed:false
631 http fetch GET 200 https://registry.npmjs.org/d3-color 388ms (cache miss)
632 silly packumentCache full:https://registry.npmjs.org/d3-color set size:undefined disposed:false
633 http fetch GET 200 https://registry.npmjs.org/@types%2fd3-color 592ms (cache miss)
634 silly packumentCache full:https://registry.npmjs.org/@types%2fd3-color set size:undefined disposed:false
635 http fetch GET 200 https://registry.npmjs.org/internmap 632ms (cache miss)
636 silly packumentCache full:https://registry.npmjs.org/internmap set size:undefined disposed:false
637 http fetch GET 200 https://registry.npmjs.org/d3-path 1123ms (cache miss)
638 silly packumentCache full:https://registry.npmjs.org/d3-path set size:undefined disposed:false
639 http fetch GET 200 https://registry.npmjs.org/@types%2fd3-path 1125ms (cache miss)
640 silly packumentCache full:https://registry.npmjs.org/@types%2fd3-path set size:undefined disposed:false
641 http fetch GET 200 https://registry.npmjs.org/d3-time-format 1125ms (cache miss)
642 silly packumentCache full:https://registry.npmjs.org/d3-time-format set size:undefined disposed:false
643 http fetch GET 200 https://registry.npmjs.org/d3-format 1225ms (cache miss)
644 silly packumentCache full:https://registry.npmjs.org/d3-format set size:undefined disposed:false
645 silly placeDep ROOT @types/d3-color@3.1.3 OK for: @types/d3-interpolate@3.0.4 want: *
646 silly placeDep ROOT @types/d3-path@3.1.1 OK for: @types/d3-shape@3.1.8 want: *
647 silly placeDep ROOT internmap@2.0.3 OK for: d3-array@3.2.4 want: 1 - 2
648 silly placeDep ROOT d3-color@3.1.0 OK for: d3-interpolate@3.0.1 want: 1 - 3
649 silly placeDep ROOT d3-format@3.1.2 OK for: d3-scale@4.0.2 want: 1 - 3
650 silly placeDep ROOT d3-time-format@4.1.0 OK for: d3-scale@4.0.2 want: 2 - 4
651 silly placeDep ROOT d3-path@3.1.0 OK for: d3-shape@3.2.0 want: ^3.1.0
652 silly placeDep ROOT esbuild@0.25.12 OK for: vite@6.4.2 want: ^0.25.0
653 silly placeDep ROOT fdir@6.5.0 OK for: vite@6.4.2 want: ^6.4.4
654 silly placeDep ROOT fsevents@2.3.3 OK for: vite@6.4.2 want: ~2.3.3
655 silly placeDep ROOT picomatch@4.0.4 OK for: vite@6.4.2 want: ^4.0.2
656 silly placeDep ROOT postcss@8.5.15 OK for: vite@6.4.2 want: ^8.5.3
657 silly placeDep ROOT rollup@4.60.4 OK for: vite@6.4.2 want: ^4.34.9
658 silly placeDep ROOT tinyglobby@0.2.16 OK for: vite@6.4.2 want: ^0.2.13
659 silly fetch manifest @esbuild/aix-ppc64@0.25.12
660 silly packumentCache full:https://registry.npmjs.org/@esbuild%2faix-ppc64 cache-miss
661 silly fetch manifest @esbuild/linux-arm@0.25.12
662 silly packumentCache full:https://registry.npmjs.org/@esbuild%2flinux-arm cache-miss
663 silly fetch manifest @esbuild/linux-x64@0.25.12
664 silly packumentCache full:https://registry.npmjs.org/@esbuild%2flinux-x64 cache-miss
665 silly fetch manifest @esbuild/sunos-x64@0.25.12
666 silly packumentCache full:https://registry.npmjs.org/@esbuild%2fsunos-x64 cache-miss
667 silly fetch manifest @esbuild/win32-x64@0.25.12
668 silly packumentCache full:https://registry.npmjs.org/@esbuild%2fwin32-x64 cache-miss
669 silly fetch manifest @esbuild/darwin-x64@0.25.12
670 silly packumentCache full:https://registry.npmjs.org/@esbuild%2fdarwin-x64 cache-miss
671 silly fetch manifest @esbuild/linux-ia32@0.25.12
672 silly packumentCache full:https://registry.npmjs.org/@esbuild%2flinux-ia32 cache-miss
673 silly fetch manifest @esbuild/netbsd-x64@0.25.12
674 silly packumentCache full:https://registry.npmjs.org/@esbuild%2fnetbsd-x64 cache-miss
675 silly fetch manifest @esbuild/win32-ia32@0.25.12
676 silly packumentCache full:https://registry.npmjs.org/@esbuild%2fwin32-ia32 cache-miss
677 silly fetch manifest @esbuild/android-arm@0.25.12
678 silly packumentCache full:https://registry.npmjs.org/@esbuild%2fandroid-arm cache-miss
679 silly fetch manifest @esbuild/android-x64@0.25.12
680 silly packumentCache full:https://registry.npmjs.org/@esbuild%2fandroid-x64 cache-miss
681 silly fetch manifest @esbuild/freebsd-x64@0.25.12
682 silly packumentCache full:https://registry.npmjs.org/@esbuild%2ffreebsd-x64 cache-miss
683 silly fetch manifest @esbuild/linux-arm64@0.25.12
684 silly packumentCache full:https://registry.npmjs.org/@esbuild%2flinux-arm64 cache-miss
685 silly fetch manifest @esbuild/linux-ppc64@0.25.12
686 silly packumentCache full:https://registry.npmjs.org/@esbuild%2flinux-ppc64 cache-miss
687 silly fetch manifest @esbuild/linux-s390x@0.25.12
688 silly packumentCache full:https://registry.npmjs.org/@esbuild%2flinux-s390x cache-miss
689 http fetch GET 200 https://registry.npmjs.org/@esbuild%2fandroid-arm 293ms (cache miss)
690 silly packumentCache full:https://registry.npmjs.org/@esbuild%2fandroid-arm set size:undefined disposed:false
691 silly fetch manifest @esbuild/openbsd-x64@0.25.12
692 silly packumentCache full:https://registry.npmjs.org/@esbuild%2fopenbsd-x64 cache-miss
693 http fetch GET 200 https://registry.npmjs.org/@esbuild%2flinux-s390x 1285ms (cache miss)
694 silly packumentCache full:https://registry.npmjs.org/@esbuild%2flinux-s390x set size:undefined disposed:false
695 silly fetch manifest @esbuild/win32-arm64@0.25.12
696 silly packumentCache full:https://registry.npmjs.org/@esbuild%2fwin32-arm64 cache-miss
697 http fetch GET 200 https://registry.npmjs.org/@esbuild%2flinux-arm 1555ms (cache miss)
698 silly packumentCache full:https://registry.npmjs.org/@esbuild%2flinux-arm set size:undefined disposed:false
699 silly fetch manifest @esbuild/darwin-arm64@0.25.12
700 silly packumentCache full:https://registry.npmjs.org/@esbuild%2fdarwin-arm64 cache-miss
701 http fetch GET 200 https://registry.npmjs.org/@esbuild%2flinux-ia32 1915ms (cache miss)
702 silly packumentCache full:https://registry.npmjs.org/@esbuild%2flinux-ia32 set size:undefined disposed:false
703 silly fetch manifest @esbuild/netbsd-arm64@0.25.12
704 silly packumentCache full:https://registry.npmjs.org/@esbuild%2fnetbsd-arm64 cache-miss
705 http fetch GET 200 https://registry.npmjs.org/@esbuild%2flinux-ppc64 2241ms (cache miss)
706 silly packumentCache full:https://registry.npmjs.org/@esbuild%2flinux-ppc64 set size:undefined disposed:false
707 silly fetch manifest @esbuild/android-arm64@0.25.12
708 silly packumentCache full:https://registry.npmjs.org/@esbuild%2fandroid-arm64 cache-miss
709 http fetch GET 200 https://registry.npmjs.org/@esbuild%2fwin32-ia32 2246ms (cache miss)
710 silly packumentCache full:https://registry.npmjs.org/@esbuild%2fwin32-ia32 set size:undefined disposed:false
711 silly fetch manifest @esbuild/freebsd-arm64@0.25.12
712 silly packumentCache full:https://registry.npmjs.org/@esbuild%2ffreebsd-arm64 cache-miss
713 http fetch GET 200 https://registry.npmjs.org/@esbuild%2ffreebsd-x64 2355ms (cache miss)
714 silly packumentCache full:https://registry.npmjs.org/@esbuild%2ffreebsd-x64 set size:undefined disposed:false
715 silly fetch manifest @esbuild/linux-loong64@0.25.12
716 silly packumentCache full:https://registry.npmjs.org/@esbuild%2flinux-loong64 cache-miss
717 http fetch GET 200 https://registry.npmjs.org/@esbuild%2fsunos-x64 2396ms (cache miss)
718 silly packumentCache full:https://registry.npmjs.org/@esbuild%2fsunos-x64 set size:undefined disposed:false
719 silly fetch manifest @esbuild/linux-riscv64@0.25.12
720 silly packumentCache full:https://registry.npmjs.org/@esbuild%2flinux-riscv64 cache-miss
721 http fetch GET 200 https://registry.npmjs.org/@esbuild%2fandroid-x64 2433ms (cache miss)
722 silly packumentCache full:https://registry.npmjs.org/@esbuild%2fandroid-x64 set size:undefined disposed:false
723 silly fetch manifest @esbuild/openbsd-arm64@0.25.12
724 silly packumentCache full:https://registry.npmjs.org/@esbuild%2fopenbsd-arm64 cache-miss
725 http fetch GET 200 https://registry.npmjs.org/@esbuild%2faix-ppc64 2462ms (cache miss)
726 silly packumentCache full:https://registry.npmjs.org/@esbuild%2faix-ppc64 set size:undefined disposed:false
727 silly fetch manifest @esbuild/linux-mips64el@0.25.12
728 silly packumentCache full:https://registry.npmjs.org/@esbuild%2flinux-mips64el cache-miss
729 http fetch GET 200 https://registry.npmjs.org/@esbuild%2fopenbsd-x64 2292ms (cache miss)
730 silly packumentCache full:https://registry.npmjs.org/@esbuild%2fopenbsd-x64 set size:undefined disposed:false
731 silly fetch manifest @esbuild/openharmony-arm64@0.25.12
732 silly packumentCache full:https://registry.npmjs.org/@esbuild%2fopenharmony-arm64 cache-miss
733 http fetch GET 200 https://registry.npmjs.org/@esbuild%2fwin32-arm64 1722ms (cache miss)
734 silly packumentCache full:https://registry.npmjs.org/@esbuild%2fwin32-arm64 set size:undefined disposed:false
735 silly fetch manifest nanoid@^3.3.12
736 silly packumentCache full:https://registry.npmjs.org/nanoid cache-miss
737 http fetch GET 200 https://registry.npmjs.org/@esbuild%2fdarwin-x64 3898ms (cache miss)
738 silly packumentCache full:https://registry.npmjs.org/@esbuild%2fdarwin-x64 set size:undefined disposed:false
739 silly fetch manifest source-map-js@^1.2.1
740 silly packumentCache full:https://registry.npmjs.org/source-map-js cache-miss
741 http fetch GET 200 https://registry.npmjs.org/@esbuild%2flinux-arm64 3911ms (cache miss)
742 silly packumentCache full:https://registry.npmjs.org/@esbuild%2flinux-arm64 set size:undefined disposed:false
743 silly fetch manifest @types/estree@1.0.8
744 silly packumentCache full:https://registry.npmjs.org/@types%2festree cache-miss
745 http fetch GET 200 https://registry.npmjs.org/@esbuild%2ffreebsd-arm64 1713ms (cache miss)
746 silly packumentCache full:https://registry.npmjs.org/@esbuild%2ffreebsd-arm64 set size:undefined disposed:false
747 silly fetch manifest @rollup/rollup-darwin-arm64@4.60.4
748 silly packumentCache full:https://registry.npmjs.org/@rollup%2frollup-darwin-arm64 cache-miss
749 http fetch GET 200 https://registry.npmjs.org/@esbuild%2fwin32-x64 3963ms (cache miss)
750 silly packumentCache full:https://registry.npmjs.org/@esbuild%2fwin32-x64 set size:undefined disposed:false
751 silly fetch manifest @rollup/rollup-android-arm64@4.60.4
752 silly packumentCache full:https://registry.npmjs.org/@rollup%2frollup-android-arm64 cache-miss
753 http fetch GET 200 https://registry.npmjs.org/@esbuild%2flinux-mips64el 1896ms (cache miss)
754 silly packumentCache full:https://registry.npmjs.org/@esbuild%2flinux-mips64el set size:undefined disposed:false
755 silly fetch manifest @rollup/rollup-win32-arm64-msvc@4.60.4
756 silly packumentCache full:https://registry.npmjs.org/@rollup%2frollup-win32-arm64-msvc cache-miss
757 http fetch GET 200 https://registry.npmjs.org/@esbuild%2fopenbsd-arm64 1988ms (cache miss)
758 silly packumentCache full:https://registry.npmjs.org/@esbuild%2fopenbsd-arm64 set size:undefined disposed:false
759 silly fetch manifest @rollup/rollup-freebsd-arm64@4.60.4
760 silly packumentCache full:https://registry.npmjs.org/@rollup%2frollup-freebsd-arm64 cache-miss
761 http fetch GET 200 https://registry.npmjs.org/@esbuild%2fnetbsd-x64 4453ms (cache miss)
762 silly packumentCache full:https://registry.npmjs.org/@esbuild%2fnetbsd-x64 set size:undefined disposed:false
763 silly fetch manifest @rollup/rollup-linux-arm64-gnu@4.60.4
764 silly packumentCache full:https://registry.npmjs.org/@rollup%2frollup-linux-arm64-gnu cache-miss
765 http fetch GET 200 https://registry.npmjs.org/@esbuild%2flinux-riscv64 2080ms (cache miss)
766 silly packumentCache full:https://registry.npmjs.org/@esbuild%2flinux-riscv64 set size:undefined disposed:false
767 silly fetch manifest @rollup/rollup-linux-arm64-musl@4.60.4
768 silly packumentCache full:https://registry.npmjs.org/@rollup%2frollup-linux-arm64-musl cache-miss
769 http fetch GET 200 https://registry.npmjs.org/source-map-js 681ms (cache miss)
770 silly packumentCache full:https://registry.npmjs.org/source-map-js set size:undefined disposed:false
771 silly fetch manifest @rollup/rollup-android-arm-eabi@4.60.4
772 silly packumentCache full:https://registry.npmjs.org/@rollup%2frollup-android-arm-eabi cache-miss
773 http fetch GET 200 https://registry.npmjs.org/@types%2festree 715ms (cache miss)
774 silly packumentCache full:https://registry.npmjs.org/@types%2festree set size:undefined disposed:false
775 silly fetch manifest @rollup/rollup-linux-arm-gnueabihf@4.60.4
776 silly packumentCache full:https://registry.npmjs.org/@rollup%2frollup-linux-arm-gnueabihf cache-miss
777 http fetch GET 200 https://registry.npmjs.org/@esbuild%2flinux-loong64 2286ms (cache miss)
778 silly packumentCache full:https://registry.npmjs.org/@esbuild%2flinux-loong64 set size:undefined disposed:false
779 silly fetch manifest @rollup/rollup-linux-arm-musleabihf@4.60.4
780 silly packumentCache full:https://registry.npmjs.org/@rollup%2frollup-linux-arm-musleabihf cache-miss
781 http fetch GET 200 https://registry.npmjs.org/@esbuild%2fopenharmony-arm64 2058ms (cache miss)
782 silly packumentCache full:https://registry.npmjs.org/@esbuild%2fopenharmony-arm64 set size:undefined disposed:false
783 silly fetch manifest @rollup/rollup-win32-ia32-msvc@4.60.4
784 silly packumentCache full:https://registry.npmjs.org/@rollup%2frollup-win32-ia32-msvc cache-miss
785 http fetch GET 200 https://registry.npmjs.org/@rollup%2frollup-android-arm64 1265ms (cache miss)
786 silly packumentCache full:https://registry.npmjs.org/@rollup%2frollup-android-arm64 set size:undefined disposed:false
787 silly fetch manifest @rollup/rollup-linux-loong64-gnu@4.60.4
788 silly packumentCache full:https://registry.npmjs.org/@rollup%2frollup-linux-loong64-gnu cache-miss
789 http fetch GET 200 https://registry.npmjs.org/@esbuild%2fnetbsd-arm64 3585ms (cache miss)
790 silly packumentCache full:https://registry.npmjs.org/@esbuild%2fnetbsd-arm64 set size:undefined disposed:false
791 silly fetch manifest @rollup/rollup-linux-loong64-musl@4.60.4
792 silly packumentCache full:https://registry.npmjs.org/@rollup%2frollup-linux-loong64-musl cache-miss
793 http fetch GET 200 https://registry.npmjs.org/@rollup%2frollup-win32-ia32-msvc 987ms (cache miss)
794 silly packumentCache full:https://registry.npmjs.org/@rollup%2frollup-win32-ia32-msvc set size:undefined disposed:false
795 silly fetch manifest @rollup/rollup-linux-riscv64-gnu@4.60.4
796 silly packumentCache full:https://registry.npmjs.org/@rollup%2frollup-linux-riscv64-gnu cache-miss
797 http fetch GET 200 https://registry.npmjs.org/@rollup%2frollup-linux-arm64-gnu 1183ms (cache miss)
798 silly packumentCache full:https://registry.npmjs.org/@rollup%2frollup-linux-arm64-gnu set size:undefined disposed:false
799 silly fetch manifest @rollup/rollup-linux-riscv64-musl@4.60.4
800 silly packumentCache full:https://registry.npmjs.org/@rollup%2frollup-linux-riscv64-musl cache-miss
801 http fetch GET 200 https://registry.npmjs.org/@rollup%2frollup-android-arm-eabi 1060ms (cache miss)
802 silly packumentCache full:https://registry.npmjs.org/@rollup%2frollup-android-arm-eabi set size:undefined disposed:false
803 silly fetch manifest @rollup/rollup-linux-ppc64-gnu@4.60.4
804 silly packumentCache full:https://registry.npmjs.org/@rollup%2frollup-linux-ppc64-gnu cache-miss
805 http fetch GET 200 https://registry.npmjs.org/@rollup%2frollup-linux-riscv64-gnu 150ms (cache miss)
806 silly packumentCache full:https://registry.npmjs.org/@rollup%2frollup-linux-riscv64-gnu set size:undefined disposed:false
807 silly fetch manifest @rollup/rollup-linux-ppc64-musl@4.60.4
808 silly packumentCache full:https://registry.npmjs.org/@rollup%2frollup-linux-ppc64-musl cache-miss
809 http fetch GET 200 https://registry.npmjs.org/@rollup%2frollup-linux-loong64-gnu 560ms (cache miss)
810 silly packumentCache full:https://registry.npmjs.org/@rollup%2frollup-linux-loong64-gnu set size:undefined disposed:false
811 silly fetch manifest @rollup/rollup-linux-s390x-gnu@4.60.4
812 silly packumentCache full:https://registry.npmjs.org/@rollup%2frollup-linux-s390x-gnu cache-miss
813 http fetch GET 200 https://registry.npmjs.org/@rollup%2frollup-linux-loong64-musl 289ms (cache miss)
814 silly packumentCache full:https://registry.npmjs.org/@rollup%2frollup-linux-loong64-musl set size:undefined disposed:false
815 silly fetch manifest @rollup/rollup-darwin-x64@4.60.4
816 silly packumentCache full:https://registry.npmjs.org/@rollup%2frollup-darwin-x64 cache-miss
817 http fetch GET 200 https://registry.npmjs.org/@rollup%2frollup-linux-arm-gnueabihf 1463ms (cache miss)
818 silly packumentCache full:https://registry.npmjs.org/@rollup%2frollup-linux-arm-gnueabihf set size:undefined disposed:false
819 silly fetch manifest @rollup/rollup-win32-x64-gnu@4.60.4
820 silly packumentCache full:https://registry.npmjs.org/@rollup%2frollup-win32-x64-gnu cache-miss
821 http fetch GET 200 https://registry.npmjs.org/@rollup%2frollup-linux-riscv64-musl 456ms (cache miss)
822 silly packumentCache full:https://registry.npmjs.org/@rollup%2frollup-linux-riscv64-musl set size:undefined disposed:false
823 silly fetch manifest @rollup/rollup-win32-x64-msvc@4.60.4
824 silly packumentCache full:https://registry.npmjs.org/@rollup%2frollup-win32-x64-msvc cache-miss
825 http fetch GET 200 https://registry.npmjs.org/@rollup%2frollup-linux-ppc64-gnu 455ms (cache miss)
826 silly packumentCache full:https://registry.npmjs.org/@rollup%2frollup-linux-ppc64-gnu set size:undefined disposed:false
827 silly fetch manifest @rollup/rollup-freebsd-x64@4.60.4
828 silly packumentCache full:https://registry.npmjs.org/@rollup%2frollup-freebsd-x64 cache-miss
829 http fetch GET 200 https://registry.npmjs.org/@esbuild%2flinux-x64 6130ms (cache miss)
830 silly packumentCache full:https://registry.npmjs.org/@esbuild%2flinux-x64 set size:undefined disposed:false
831 silly fetch manifest @rollup/rollup-linux-x64-gnu@4.60.4
832 silly packumentCache full:https://registry.npmjs.org/@rollup%2frollup-linux-x64-gnu cache-miss
833 http fetch GET 200 https://registry.npmjs.org/@rollup%2frollup-linux-arm64-musl 1660ms (cache miss)
834 silly packumentCache full:https://registry.npmjs.org/@rollup%2frollup-linux-arm64-musl set size:undefined disposed:false
835 silly fetch manifest @rollup/rollup-linux-x64-musl@4.60.4
836 silly packumentCache full:https://registry.npmjs.org/@rollup%2frollup-linux-x64-musl cache-miss
837 http fetch GET 200 https://registry.npmjs.org/@rollup%2frollup-linux-s390x-gnu 605ms (cache miss)
838 silly packumentCache full:https://registry.npmjs.org/@rollup%2frollup-linux-s390x-gnu set size:undefined disposed:false
839 silly fetch manifest @rollup/rollup-openbsd-x64@4.60.4
840 silly packumentCache full:https://registry.npmjs.org/@rollup%2frollup-openbsd-x64 cache-miss
841 http fetch GET 200 https://registry.npmjs.org/@rollup%2frollup-win32-arm64-msvc 2094ms (cache miss)
842 silly packumentCache full:https://registry.npmjs.org/@rollup%2frollup-win32-arm64-msvc set size:undefined disposed:false
843 silly fetch manifest @rollup/rollup-openharmony-arm64@4.60.4
844 silly packumentCache full:https://registry.npmjs.org/@rollup%2frollup-openharmony-arm64 cache-miss
845 http fetch GET 200 https://registry.npmjs.org/@rollup%2frollup-win32-x64-msvc 514ms (cache miss)
846 silly packumentCache full:https://registry.npmjs.org/@rollup%2frollup-win32-x64-msvc set size:undefined disposed:false
847 http fetch GET 200 https://registry.npmjs.org/@rollup%2frollup-linux-x64-musl 475ms (cache miss)
848 silly packumentCache full:https://registry.npmjs.org/@rollup%2frollup-linux-x64-musl set size:undefined disposed:false
849 http fetch GET 200 https://registry.npmjs.org/@rollup%2frollup-linux-ppc64-musl 830ms (cache miss)
850 silly packumentCache full:https://registry.npmjs.org/@rollup%2frollup-linux-ppc64-musl set size:undefined disposed:false
851 http fetch GET 200 https://registry.npmjs.org/@rollup%2frollup-linux-x64-gnu 507ms (cache miss)
852 silly packumentCache full:https://registry.npmjs.org/@rollup%2frollup-linux-x64-gnu set size:undefined disposed:false
853 http fetch GET 200 https://registry.npmjs.org/@rollup%2frollup-win32-x64-gnu 585ms (cache miss)
854 silly packumentCache full:https://registry.npmjs.org/@rollup%2frollup-win32-x64-gnu set size:undefined disposed:false
855 http fetch GET 200 https://registry.npmjs.org/@rollup%2frollup-freebsd-x64 659ms (cache miss)
856 silly packumentCache full:https://registry.npmjs.org/@rollup%2frollup-freebsd-x64 set size:undefined disposed:false
857 http fetch GET 200 https://registry.npmjs.org/@rollup%2frollup-darwin-x64 1143ms (cache miss)
858 silly packumentCache full:https://registry.npmjs.org/@rollup%2frollup-darwin-x64 set size:undefined disposed:false
859 http fetch GET 200 https://registry.npmjs.org/@rollup%2frollup-openbsd-x64 545ms (cache miss)
860 silly packumentCache full:https://registry.npmjs.org/@rollup%2frollup-openbsd-x64 set size:undefined disposed:false
861 http fetch GET 200 https://registry.npmjs.org/@rollup%2frollup-openharmony-arm64 542ms (cache miss)
862 silly packumentCache full:https://registry.npmjs.org/@rollup%2frollup-openharmony-arm64 set size:undefined disposed:false
863 http fetch GET 200 https://registry.npmjs.org/@esbuild%2fandroid-arm64 5267ms (cache miss)
864 silly packumentCache full:https://registry.npmjs.org/@esbuild%2fandroid-arm64 set size:undefined disposed:false
865 http fetch GET 200 https://registry.npmjs.org/@rollup%2frollup-darwin-arm64 3750ms (cache miss)
866 silly packumentCache full:https://registry.npmjs.org/@rollup%2frollup-darwin-arm64 set size:undefined disposed:false
867 http fetch GET 200 https://registry.npmjs.org/@esbuild%2fdarwin-arm64 6535ms (cache miss)
868 silly packumentCache full:https://registry.npmjs.org/@esbuild%2fdarwin-arm64 set size:undefined disposed:false
869 http fetch GET 200 https://registry.npmjs.org/nanoid 6232ms (cache miss)
870 silly packumentCache full:https://registry.npmjs.org/nanoid set size:undefined disposed:false
871 http fetch GET 200 https://registry.npmjs.org/@rollup%2frollup-linux-arm-musleabihf 7286ms (cache miss)
872 silly packumentCache full:https://registry.npmjs.org/@rollup%2frollup-linux-arm-musleabihf set size:undefined disposed:false
873 http fetch GET 200 https://registry.npmjs.org/@rollup%2frollup-freebsd-arm64 10895ms (cache miss)
874 silly packumentCache full:https://registry.npmjs.org/@rollup%2frollup-freebsd-arm64 set size:undefined disposed:false
875 silly placeDep ROOT @esbuild/aix-ppc64@0.25.12 OK for: esbuild@0.25.12 want: 0.25.12
876 silly placeDep ROOT @esbuild/android-arm@0.25.12 OK for: esbuild@0.25.12 want: 0.25.12
877 silly placeDep ROOT @esbuild/android-arm64@0.25.12 OK for: esbuild@0.25.12 want: 0.25.12
878 silly placeDep ROOT @esbuild/android-x64@0.25.12 OK for: esbuild@0.25.12 want: 0.25.12
879 silly placeDep ROOT @esbuild/darwin-arm64@0.25.12 OK for: esbuild@0.25.12 want: 0.25.12
880 silly placeDep ROOT @esbuild/darwin-x64@0.25.12 OK for: esbuild@0.25.12 want: 0.25.12
881 silly placeDep ROOT @esbuild/freebsd-arm64@0.25.12 OK for: esbuild@0.25.12 want: 0.25.12
882 silly placeDep ROOT @esbuild/freebsd-x64@0.25.12 OK for: esbuild@0.25.12 want: 0.25.12
883 silly placeDep ROOT @esbuild/linux-arm@0.25.12 OK for: esbuild@0.25.12 want: 0.25.12
884 silly placeDep ROOT @esbuild/linux-arm64@0.25.12 OK for: esbuild@0.25.12 want: 0.25.12
885 silly placeDep ROOT @esbuild/linux-ia32@0.25.12 OK for: esbuild@0.25.12 want: 0.25.12
886 silly placeDep ROOT @esbuild/linux-loong64@0.25.12 OK for: esbuild@0.25.12 want: 0.25.12
887 silly placeDep ROOT @esbuild/linux-mips64el@0.25.12 OK for: esbuild@0.25.12 want: 0.25.12
888 silly placeDep ROOT @esbuild/linux-ppc64@0.25.12 OK for: esbuild@0.25.12 want: 0.25.12
889 silly placeDep ROOT @esbuild/linux-riscv64@0.25.12 OK for: esbuild@0.25.12 want: 0.25.12
890 silly placeDep ROOT @esbuild/linux-s390x@0.25.12 OK for: esbuild@0.25.12 want: 0.25.12
891 silly placeDep ROOT @esbuild/linux-x64@0.25.12 OK for: esbuild@0.25.12 want: 0.25.12
892 silly placeDep ROOT @esbuild/netbsd-arm64@0.25.12 OK for: esbuild@0.25.12 want: 0.25.12
893 silly placeDep ROOT @esbuild/netbsd-x64@0.25.12 OK for: esbuild@0.25.12 want: 0.25.12
894 silly placeDep ROOT @esbuild/openbsd-arm64@0.25.12 OK for: esbuild@0.25.12 want: 0.25.12
895 silly placeDep ROOT @esbuild/openbsd-x64@0.25.12 OK for: esbuild@0.25.12 want: 0.25.12
896 silly placeDep ROOT @esbuild/openharmony-arm64@0.25.12 OK for: esbuild@0.25.12 want: 0.25.12
897 silly placeDep ROOT @esbuild/sunos-x64@0.25.12 OK for: esbuild@0.25.12 want: 0.25.12
898 silly placeDep ROOT @esbuild/win32-arm64@0.25.12 OK for: esbuild@0.25.12 want: 0.25.12
899 silly placeDep ROOT @esbuild/win32-ia32@0.25.12 OK for: esbuild@0.25.12 want: 0.25.12
900 silly placeDep ROOT @esbuild/win32-x64@0.25.12 OK for: esbuild@0.25.12 want: 0.25.12
901 silly placeDep ROOT nanoid@3.3.12 OK for: postcss@8.5.15 want: ^3.3.12
902 silly placeDep ROOT source-map-js@1.2.1 OK for: postcss@8.5.15 want: ^1.2.1
903 silly placeDep ROOT @rollup/rollup-android-arm-eabi@4.60.4 OK for: rollup@4.60.4 want: 4.60.4
904 silly placeDep ROOT @rollup/rollup-android-arm64@4.60.4 OK for: rollup@4.60.4 want: 4.60.4
905 silly placeDep ROOT @rollup/rollup-darwin-arm64@4.60.4 OK for: rollup@4.60.4 want: 4.60.4
906 silly placeDep ROOT @rollup/rollup-darwin-x64@4.60.4 OK for: rollup@4.60.4 want: 4.60.4
907 silly placeDep ROOT @rollup/rollup-freebsd-arm64@4.60.4 OK for: rollup@4.60.4 want: 4.60.4
908 silly placeDep ROOT @rollup/rollup-freebsd-x64@4.60.4 OK for: rollup@4.60.4 want: 4.60.4
909 silly placeDep ROOT @rollup/rollup-linux-arm-gnueabihf@4.60.4 OK for: rollup@4.60.4 want: 4.60.4
910 silly placeDep ROOT @rollup/rollup-linux-arm-musleabihf@4.60.4 OK for: rollup@4.60.4 want: 4.60.4
911 silly placeDep ROOT @rollup/rollup-linux-arm64-gnu@4.60.4 OK for: rollup@4.60.4 want: 4.60.4
912 silly placeDep ROOT @rollup/rollup-linux-arm64-musl@4.60.4 OK for: rollup@4.60.4 want: 4.60.4
913 silly placeDep ROOT @rollup/rollup-linux-loong64-gnu@4.60.4 OK for: rollup@4.60.4 want: 4.60.4
914 silly placeDep ROOT @rollup/rollup-linux-loong64-musl@4.60.4 OK for: rollup@4.60.4 want: 4.60.4
915 silly placeDep ROOT @rollup/rollup-linux-ppc64-gnu@4.60.4 OK for: rollup@4.60.4 want: 4.60.4
916 silly placeDep ROOT @rollup/rollup-linux-ppc64-musl@4.60.4 OK for: rollup@4.60.4 want: 4.60.4
917 silly placeDep ROOT @rollup/rollup-linux-riscv64-gnu@4.60.4 OK for: rollup@4.60.4 want: 4.60.4
918 silly placeDep ROOT @rollup/rollup-linux-riscv64-musl@4.60.4 OK for: rollup@4.60.4 want: 4.60.4
919 silly placeDep ROOT @rollup/rollup-linux-s390x-gnu@4.60.4 OK for: rollup@4.60.4 want: 4.60.4
920 silly placeDep ROOT @rollup/rollup-linux-x64-gnu@4.60.4 OK for: rollup@4.60.4 want: 4.60.4
921 silly placeDep ROOT @rollup/rollup-linux-x64-musl@4.60.4 OK for: rollup@4.60.4 want: 4.60.4
922 silly placeDep ROOT @rollup/rollup-openbsd-x64@4.60.4 OK for: rollup@4.60.4 want: 4.60.4
923 silly placeDep ROOT @rollup/rollup-openharmony-arm64@4.60.4 OK for: rollup@4.60.4 want: 4.60.4
924 silly placeDep ROOT @rollup/rollup-win32-arm64-msvc@4.60.4 OK for: rollup@4.60.4 want: 4.60.4
925 silly placeDep ROOT @rollup/rollup-win32-ia32-msvc@4.60.4 OK for: rollup@4.60.4 want: 4.60.4
926 silly placeDep ROOT @rollup/rollup-win32-x64-gnu@4.60.4 OK for: rollup@4.60.4 want: 4.60.4
927 silly placeDep ROOT @rollup/rollup-win32-x64-msvc@4.60.4 OK for: rollup@4.60.4 want: 4.60.4
928 silly placeDep ROOT @types/estree@1.0.8 OK for: rollup@4.60.4 want: 1.0.8
929 silly reify moves {}
930 silly audit bulk request {
930 silly audit   '@types/node': [ '22.19.19' ],
930 silly audit   '@vitejs/plugin-react': [ '5.2.0' ],
930 silly audit   vite: [ '6.4.2' ],
930 silly audit   'lucide-react': [ '0.562.0' ],
930 silly audit   react: [ '19.2.6' ],
930 silly audit   'react-dom': [ '19.2.6' ],
930 silly audit   recharts: [ '3.8.1' ],
930 silly audit   'react-is': [ '19.2.6' ],
930 silly audit   typescript: [ '5.8.3' ],
930 silly audit   'undici-types': [ '6.21.0' ],
930 silly audit   '@babel/core': [ '7.29.0' ],
930 silly audit   '@babel/plugin-transform-react-jsx-self': [ '7.27.1' ],
930 silly audit   '@babel/plugin-transform-react-jsx-source': [ '7.27.1' ],
930 silly audit   '@rolldown/pluginutils': [ '1.0.0-rc.3' ],
930 silly audit   '@types/babel__core': [ '7.20.5' ],
930 silly audit   'react-refresh': [ '0.18.0' ],
930 silly audit   '@babel/code-frame': [ '7.29.0' ],
930 silly audit   '@babel/generator': [ '7.29.1' ],
930 silly audit   '@babel/helper-compilation-targets': [ '7.28.6' ],
930 silly audit   '@babel/helper-module-transforms': [ '7.28.6' ],
930 silly audit   '@babel/helpers': [ '7.29.2' ],
930 silly audit   '@babel/parser': [ '7.29.3' ],
930 silly audit   '@babel/template': [ '7.28.6' ],
930 silly audit   '@babel/traverse': [ '7.29.0' ],
930 silly audit   '@babel/types': [ '7.29.0' ],
930 silly audit   '@jridgewell/remapping': [ '2.3.5' ],
930 silly audit   'convert-source-map': [ '2.0.0' ],
930 silly audit   debug: [ '4.4.3' ],
930 silly audit   gensync: [ '1.0.0-beta.2' ],
930 silly audit   json5: [ '2.2.3' ],
930 silly audit   semver: [ '6.3.1' ],
930 silly audit   '@babel/helper-validator-identifier': [ '7.28.5' ],
930 silly audit   'js-tokens': [ '4.0.0' ],
930 silly audit   picocolors: [ '1.1.1' ],
930 silly audit   '@jridgewell/gen-mapping': [ '0.3.13' ],
930 silly audit   '@jridgewell/trace-mapping': [ '0.3.31' ],
930 silly audit   jsesc: [ '3.1.0' ],
930 silly audit   '@babel/compat-data': [ '7.29.3' ],
930 silly audit   '@babel/helper-validator-option': [ '7.27.1' ],
930 silly audit   browserslist: [ '4.28.2' ],
930 silly audit   'lru-cache': [ '5.1.1' ],
930 silly audit   '@babel/helper-module-imports': [ '7.28.6' ],
930 silly audit   '@babel/helper-plugin-utils': [ '7.28.6' ],
930 silly audit   '@babel/helper-globals': [ '7.28.0' ],
930 silly audit   '@babel/helper-string-parser': [ '7.27.1' ],
930 silly audit   '@jridgewell/sourcemap-codec': [ '1.5.5' ],
930 silly audit   '@jridgewell/resolve-uri': [ '3.1.2' ],
930 silly audit   '@types/babel__generator': [ '7.27.0' ],
930 silly audit   '@types/babel__template': [ '7.4.4' ],
930 silly audit   '@types/babel__traverse': [ '7.28.0' ],
930 silly audit   'baseline-browser-mapping': [ '2.10.31' ],
930 silly audit   'caniuse-lite': [ '1.0.30001793' ],
930 silly audit   'electron-to-chromium': [ '1.5.360' ],
930 silly audit   'node-releases': [ '2.0.44' ],
930 silly audit   'update-browserslist-db': [ '1.2.3' ],
930 silly audit   ms: [ '2.1.3' ],
930 silly audit   yallist: [ '3.1.1' ],
930 silly audit   scheduler: [ '0.27.0' ],
930 silly audit   '@reduxjs/toolkit': [ '2.12.0' ],
930 silly audit   clsx: [ '2.1.1' ],
930 silly audit   'decimal.js-light': [ '2.5.1' ],
930 silly audit   'es-toolkit': [ '1.46.1' ],
930 silly audit   eventemitter3: [ '5.0.4' ],
930 silly audit   immer: [ '10.2.0', '11.1.8' ],
930 silly audit   'react-redux': [ '9.3.0' ],
930 silly audit   reselect: [ '5.1.1' ],
930 silly audit   'tiny-invariant': [ '1.3.3' ],
930 silly audit   'use-sync-external-store': [ '1.6.0' ],
930 silly audit   'victory-vendor': [ '37.3.6' ],
930 silly audit   '@standard-schema/spec': [ '1.1.0' ],
930 silly audit   '@standard-schema/utils': [ '0.3.0' ],
930 silly audit   redux: [ '5.0.1' ],
930 silly audit   'redux-thunk': [ '3.1.0' ],
930 silly audit   '@types/use-sync-external-store': [ '0.0.6' ],
930 silly audit   escalade: [ '3.2.0' ],
930 silly audit   '@types/d3-array': [ '3.2.2' ],
930 silly audit   '@types/d3-ease': [ '3.0.2' ],
930 silly audit   '@types/d3-interpolate': [ '3.0.4' ],
930 silly audit   '@types/d3-scale': [ '4.0.9' ],
930 silly audit   '@types/d3-shape': [ '3.1.8' ],
930 silly audit   '@types/d3-time': [ '3.0.4' ],
930 silly audit   '@types/d3-timer': [ '3.0.2' ],
930 silly audit   'd3-array': [ '3.2.4' ],
930 silly audit   'd3-ease': [ '3.0.1' ],
930 silly audit   'd3-interpolate': [ '3.0.1' ],
930 silly audit   'd3-scale': [ '4.0.2' ],
930 silly audit   'd3-shape': [ '3.2.0' ],
930 silly audit   'd3-time': [ '3.1.0' ],
930 silly audit   'd3-timer': [ '3.0.1' ],
930 silly audit   '@types/d3-color': [ '3.1.3' ],
930 silly audit   '@types/d3-path': [ '3.1.1' ],
930 silly audit   internmap: [ '2.0.3' ],
930 silly audit   'd3-color': [ '3.1.0' ],
930 silly audit   'd3-format': [ '3.1.2' ],
930 silly audit   'd3-time-format': [ '4.1.0' ],
930 silly audit   'd3-path': [ '3.1.0' ],
930 silly audit   esbuild: [ '0.25.12' ],
930 silly audit   fdir: [ '6.5.0' ],
930 silly audit   fsevents: [ '2.3.3' ],
930 silly audit   picomatch: [ '4.0.4' ],
930 silly audit   postcss: [ '8.5.15' ],
930 silly audit   rollup: [ '4.60.4' ],
930 silly audit   tinyglobby: [ '0.2.16' ],
930 silly audit   '@esbuild/aix-ppc64': [ '0.25.12' ],
930 silly audit   '@esbuild/android-arm': [ '0.25.12' ],
930 silly audit   '@esbuild/android-arm64': [ '0.25.12' ],
930 silly audit   '@esbuild/android-x64': [ '0.25.12' ],
930 silly audit   '@esbuild/darwin-arm64': [ '0.25.12' ],
930 silly audit   '@esbuild/darwin-x64': [ '0.25.12' ],
930 silly audit   '@esbuild/freebsd-arm64': [ '0.25.12' ],
930 silly audit   '@esbuild/freebsd-x64': [ '0.25.12' ],
930 silly audit   '@esbuild/linux-arm': [ '0.25.12' ],
930 silly audit   '@esbuild/linux-arm64': [ '0.25.12' ],
930 silly audit   '@esbuild/linux-ia32': [ '0.25.12' ],
930 silly audit   '@esbuild/linux-loong64': [ '0.25.12' ],
930 silly audit   '@esbuild/linux-mips64el': [ '0.25.12' ],
930 silly audit   '@esbuild/linux-ppc64': [ '0.25.12' ],
930 silly audit   '@esbuild/linux-riscv64': [ '0.25.12' ],
930 silly audit   '@esbuild/linux-s390x': [ '0.25.12' ],
930 silly audit   '@esbuild/linux-x64': [ '0.25.12' ],
930 silly audit   '@esbuild/netbsd-arm64': [ '0.25.12' ],
930 silly audit   '@esbuild/netbsd-x64': [ '0.25.12' ],
930 silly audit   '@esbuild/openbsd-arm64': [ '0.25.12' ],
930 silly audit   '@esbuild/openbsd-x64': [ '0.25.12' ],
930 silly audit   '@esbuild/openharmony-arm64': [ '0.25.12' ],
930 silly audit   '@esbuild/sunos-x64': [ '0.25.12' ],
930 silly audit   '@esbuild/win32-arm64': [ '0.25.12' ],
930 silly audit   '@esbuild/win32-ia32': [ '0.25.12' ],
930 silly audit   '@esbuild/win32-x64': [ '0.25.12' ],
930 silly audit   nanoid: [ '3.3.12' ],
930 silly audit   'source-map-js': [ '1.2.1' ],
930 silly audit   '@rollup/rollup-android-arm-eabi': [ '4.60.4' ],
930 silly audit   '@rollup/rollup-android-arm64': [ '4.60.4' ],
930 silly audit   '@rollup/rollup-darwin-arm64': [ '4.60.4' ],
930 silly audit   '@rollup/rollup-darwin-x64': [ '4.60.4' ],
930 silly audit   '@rollup/rollup-freebsd-arm64': [ '4.60.4' ],
930 silly audit   '@rollup/rollup-freebsd-x64': [ '4.60.4' ],
930 silly audit   '@rollup/rollup-linux-arm-gnueabihf': [ '4.60.4' ],
930 silly audit   '@rollup/rollup-linux-arm-musleabihf': [ '4.60.4' ],
930 silly audit   '@rollup/rollup-linux-arm64-gnu': [ '4.60.4' ],
930 silly audit   '@rollup/rollup-linux-arm64-musl': [ '4.60.4' ],
930 silly audit   '@rollup/rollup-linux-loong64-gnu': [ '4.60.4' ],
930 silly audit   '@rollup/rollup-linux-loong64-musl': [ '4.60.4' ],
930 silly audit   '@rollup/rollup-linux-ppc64-gnu': [ '4.60.4' ],
930 silly audit   '@rollup/rollup-linux-ppc64-musl': [ '4.60.4' ],
930 silly audit   '@rollup/rollup-linux-riscv64-gnu': [ '4.60.4' ],
930 silly audit   '@rollup/rollup-linux-riscv64-musl': [ '4.60.4' ],
930 silly audit   '@rollup/rollup-linux-s390x-gnu': [ '4.60.4' ],
930 silly audit   '@rollup/rollup-linux-x64-gnu': [ '4.60.4' ],
930 silly audit   '@rollup/rollup-linux-x64-musl': [ '4.60.4' ],
930 silly audit   '@rollup/rollup-openbsd-x64': [ '4.60.4' ],
930 silly audit   '@rollup/rollup-openharmony-arm64': [ '4.60.4' ],
930 silly audit   '@rollup/rollup-win32-arm64-msvc': [ '4.60.4' ],
930 silly audit   '@rollup/rollup-win32-ia32-msvc': [ '4.60.4' ],
930 silly audit   '@rollup/rollup-win32-x64-gnu': [ '4.60.4' ],
930 silly audit   '@rollup/rollup-win32-x64-msvc': [ '4.60.4' ],
930 silly audit   '@types/estree': [ '1.0.8' ]
930 silly audit }
931 http cache @rollup/rollup-darwin-x64@https://registry.npmjs.org/@rollup/rollup-darwin-x64/-/rollup-darwin-x64-4.60.4.tgz 0ms (cache hit)
932 http cache @types/estree@https://registry.npmjs.org/@types/estree/-/estree-1.0.8.tgz 0ms (cache hit)
933 http cache nanoid@https://registry.npmjs.org/nanoid/-/nanoid-3.3.12.tgz 0ms (cache hit)
934 http cache source-map-js@https://registry.npmjs.org/source-map-js/-/source-map-js-1.2.1.tgz 0ms (cache hit)
935 http cache tinyglobby@https://registry.npmjs.org/tinyglobby/-/tinyglobby-0.2.16.tgz 0ms (cache hit)
936 http cache rollup@https://registry.npmjs.org/rollup/-/rollup-4.60.4.tgz 0ms (cache hit)
937 http cache @esbuild/darwin-x64@https://registry.npmjs.org/@esbuild/darwin-x64/-/darwin-x64-0.25.12.tgz 0ms (cache hit)
938 http cache picomatch@https://registry.npmjs.org/picomatch/-/picomatch-4.0.4.tgz 0ms (cache hit)
939 http cache fsevents@https://registry.npmjs.org/fsevents/-/fsevents-2.3.3.tgz 0ms (cache hit)
940 http cache postcss@https://registry.npmjs.org/postcss/-/postcss-8.5.15.tgz 0ms (cache hit)
941 http cache fdir@https://registry.npmjs.org/fdir/-/fdir-6.5.0.tgz 0ms (cache hit)
942 http cache d3-path@https://registry.npmjs.org/d3-path/-/d3-path-3.1.0.tgz 0ms (cache hit)
943 http cache esbuild@https://registry.npmjs.org/esbuild/-/esbuild-0.25.12.tgz 0ms (cache hit)
944 http cache d3-format@https://registry.npmjs.org/d3-format/-/d3-format-3.1.2.tgz 0ms (cache hit)
945 http cache d3-time-format@https://registry.npmjs.org/d3-time-format/-/d3-time-format-4.1.0.tgz 0ms (cache hit)
946 http cache d3-color@https://registry.npmjs.org/d3-color/-/d3-color-3.1.0.tgz 0ms (cache hit)
947 http cache internmap@https://registry.npmjs.org/internmap/-/internmap-2.0.3.tgz 0ms (cache hit)
948 http cache @types/d3-path@https://registry.npmjs.org/@types/d3-path/-/d3-path-3.1.1.tgz 0ms (cache hit)
949 http cache @types/d3-color@https://registry.npmjs.org/@types/d3-color/-/d3-color-3.1.3.tgz 0ms (cache hit)
950 http cache d3-time@https://registry.npmjs.org/d3-time/-/d3-time-3.1.0.tgz 0ms (cache hit)
951 http cache d3-shape@https://registry.npmjs.org/d3-shape/-/d3-shape-3.2.0.tgz 0ms (cache hit)
952 http cache d3-scale@https://registry.npmjs.org/d3-scale/-/d3-scale-4.0.2.tgz 0ms (cache hit)
953 http cache d3-ease@https://registry.npmjs.org/d3-ease/-/d3-ease-3.0.1.tgz 0ms (cache hit)
954 http cache d3-interpolate@https://registry.npmjs.org/d3-interpolate/-/d3-interpolate-3.0.1.tgz 0ms (cache hit)
955 http cache d3-array@https://registry.npmjs.org/d3-array/-/d3-array-3.2.4.tgz 0ms (cache hit)
956 http cache @types/d3-timer@https://registry.npmjs.org/@types/d3-timer/-/d3-timer-3.0.2.tgz 0ms (cache hit)
957 http cache d3-timer@https://registry.npmjs.org/d3-timer/-/d3-timer-3.0.1.tgz 0ms (cache hit)
958 http cache @types/d3-time@https://registry.npmjs.org/@types/d3-time/-/d3-time-3.0.4.tgz 0ms (cache hit)
959 http cache @types/d3-shape@https://registry.npmjs.org/@types/d3-shape/-/d3-shape-3.1.8.tgz 0ms (cache hit)
960 http cache @types/d3-scale@https://registry.npmjs.org/@types/d3-scale/-/d3-scale-4.0.9.tgz 0ms (cache hit)
961 http cache @types/d3-ease@https://registry.npmjs.org/@types/d3-ease/-/d3-ease-3.0.2.tgz 0ms (cache hit)
962 http cache @types/d3-array@https://registry.npmjs.org/@types/d3-array/-/d3-array-3.2.2.tgz 0ms (cache hit)
963 http cache @types/d3-interpolate@https://registry.npmjs.org/@types/d3-interpolate/-/d3-interpolate-3.0.4.tgz 0ms (cache hit)
964 http cache redux-thunk@https://registry.npmjs.org/redux-thunk/-/redux-thunk-3.1.0.tgz 0ms (cache hit)
965 http cache @types/use-sync-external-store@https://registry.npmjs.org/@types/use-sync-external-store/-/use-sync-external-store-0.0.6.tgz 0ms (cache hit)
966 http cache escalade@https://registry.npmjs.org/escalade/-/escalade-3.2.0.tgz 0ms (cache hit)
967 http cache redux@https://registry.npmjs.org/redux/-/redux-5.0.1.tgz 0ms (cache hit)
968 http cache @standard-schema/utils@https://registry.npmjs.org/@standard-schema/utils/-/utils-0.3.0.tgz 0ms (cache hit)
969 http cache @standard-schema/spec@https://registry.npmjs.org/@standard-schema/spec/-/spec-1.1.0.tgz 0ms (cache hit)
970 http cache victory-vendor@https://registry.npmjs.org/victory-vendor/-/victory-vendor-37.3.6.tgz 0ms (cache hit)
971 http cache use-sync-external-store@https://registry.npmjs.org/use-sync-external-store/-/use-sync-external-store-1.6.0.tgz 0ms (cache hit)
972 http cache tiny-invariant@https://registry.npmjs.org/tiny-invariant/-/tiny-invariant-1.3.3.tgz 0ms (cache hit)
973 http cache reselect@https://registry.npmjs.org/reselect/-/reselect-5.1.1.tgz 0ms (cache hit)
974 http cache react-redux@https://registry.npmjs.org/react-redux/-/react-redux-9.3.0.tgz 0ms (cache hit)
975 http cache es-toolkit@https://registry.npmjs.org/es-toolkit/-/es-toolkit-1.46.1.tgz 0ms (cache hit)
976 http cache decimal.js-light@https://registry.npmjs.org/decimal.js-light/-/decimal.js-light-2.5.1.tgz 0ms (cache hit)
977 http cache immer@https://registry.npmjs.org/immer/-/immer-10.2.0.tgz 0ms (cache hit)
978 http cache clsx@https://registry.npmjs.org/clsx/-/clsx-2.1.1.tgz 0ms (cache hit)
979 http cache scheduler@https://registry.npmjs.org/scheduler/-/scheduler-0.27.0.tgz 0ms (cache hit)
980 http cache @reduxjs/toolkit@https://registry.npmjs.org/@reduxjs/toolkit/-/toolkit-2.12.0.tgz 0ms (cache hit)
981 http cache eventemitter3@https://registry.npmjs.org/eventemitter3/-/eventemitter3-5.0.4.tgz 0ms (cache hit)
982 http cache yallist@https://registry.npmjs.org/yallist/-/yallist-3.1.1.tgz 0ms (cache hit)
983 http cache ms@https://registry.npmjs.org/ms/-/ms-2.1.3.tgz 0ms (cache hit)
984 http cache update-browserslist-db@https://registry.npmjs.org/update-browserslist-db/-/update-browserslist-db-1.2.3.tgz 0ms (cache hit)
985 http cache electron-to-chromium@https://registry.npmjs.org/electron-to-chromium/-/electron-to-chromium-1.5.360.tgz 0ms (cache hit)
986 http cache node-releases@https://registry.npmjs.org/node-releases/-/node-releases-2.0.44.tgz 0ms (cache hit)
987 http cache @types/babel__traverse@https://registry.npmjs.org/@types/babel__traverse/-/babel__traverse-7.28.0.tgz 0ms (cache hit)
988 http cache caniuse-lite@https://registry.npmjs.org/caniuse-lite/-/caniuse-lite-1.0.30001793.tgz 0ms (cache hit)
989 http cache baseline-browser-mapping@https://registry.npmjs.org/baseline-browser-mapping/-/baseline-browser-mapping-2.10.31.tgz 0ms (cache hit)
990 http cache @types/babel__generator@https://registry.npmjs.org/@types/babel__generator/-/babel__generator-7.27.0.tgz 0ms (cache hit)
991 http cache @types/babel__template@https://registry.npmjs.org/@types/babel__template/-/babel__template-7.4.4.tgz 0ms (cache hit)
992 http cache @babel/helper-string-parser@https://registry.npmjs.org/@babel/helper-string-parser/-/helper-string-parser-7.27.1.tgz 0ms (cache hit)
993 http cache @babel/helper-globals@https://registry.npmjs.org/@babel/helper-globals/-/helper-globals-7.28.0.tgz 0ms (cache hit)
994 http cache @jridgewell/sourcemap-codec@https://registry.npmjs.org/@jridgewell/sourcemap-codec/-/sourcemap-codec-1.5.5.tgz 0ms (cache hit)
995 http cache @babel/helper-plugin-utils@https://registry.npmjs.org/@babel/helper-plugin-utils/-/helper-plugin-utils-7.28.6.tgz 0ms (cache hit)
996 http cache lru-cache@https://registry.npmjs.org/lru-cache/-/lru-cache-5.1.1.tgz 0ms (cache hit)
997 http cache @jridgewell/resolve-uri@https://registry.npmjs.org/@jridgewell/resolve-uri/-/resolve-uri-3.1.2.tgz 0ms (cache hit)
998 http cache @babel/helper-module-imports@https://registry.npmjs.org/@babel/helper-module-imports/-/helper-module-imports-7.28.6.tgz 0ms (cache hit)
999 http cache browserslist@https://registry.npmjs.org/browserslist/-/browserslist-4.28.2.tgz 0ms (cache hit)
1000 http cache @babel/helper-validator-option@https://registry.npmjs.org/@babel/helper-validator-option/-/helper-validator-option-7.27.1.tgz 0ms (cache hit)
1001 http cache jsesc@https://registry.npmjs.org/jsesc/-/jsesc-3.1.0.tgz 0ms (cache hit)
1002 http cache @jridgewell/trace-mapping@https://registry.npmjs.org/@jridgewell/trace-mapping/-/trace-mapping-0.3.31.tgz 0ms (cache hit)
1003 http cache @jridgewell/gen-mapping@https://registry.npmjs.org/@jridgewell/gen-mapping/-/gen-mapping-0.3.13.tgz 0ms (cache hit)
1004 http cache @babel/compat-data@https://registry.npmjs.org/@babel/compat-data/-/compat-data-7.29.3.tgz 0ms (cache hit)
1005 http cache picocolors@https://registry.npmjs.org/picocolors/-/picocolors-1.1.1.tgz 0ms (cache hit)
1006 http cache js-tokens@https://registry.npmjs.org/js-tokens/-/js-tokens-4.0.0.tgz 0ms (cache hit)
1007 http cache @babel/helper-validator-identifier@https://registry.npmjs.org/@babel/helper-validator-identifier/-/helper-validator-identifier-7.28.5.tgz 0ms (cache hit)
1008 http cache semver@https://registry.npmjs.org/semver/-/semver-6.3.1.tgz 0ms (cache hit)
1009 http cache json5@https://registry.npmjs.org/json5/-/json5-2.2.3.tgz 0ms (cache hit)
1010 http cache gensync@https://registry.npmjs.org/gensync/-/gensync-1.0.0-beta.2.tgz 0ms (cache hit)
1011 http cache debug@https://registry.npmjs.org/debug/-/debug-4.4.3.tgz 0ms (cache hit)
1012 http cache convert-source-map@https://registry.npmjs.org/convert-source-map/-/convert-source-map-2.0.0.tgz 0ms (cache hit)
1013 http cache @jridgewell/remapping@https://registry.npmjs.org/@jridgewell/remapping/-/remapping-2.3.5.tgz 0ms (cache hit)
1014 http cache @babel/types@https://registry.npmjs.org/@babel/types/-/types-7.29.0.tgz 0ms (cache hit)
1015 http cache @babel/traverse@https://registry.npmjs.org/@babel/traverse/-/traverse-7.29.0.tgz 0ms (cache hit)
1016 http cache @babel/template@https://registry.npmjs.org/@babel/template/-/template-7.28.6.tgz 0ms (cache hit)
1017 http cache @babel/parser@https://registry.npmjs.org/@babel/parser/-/parser-7.29.3.tgz 0ms (cache hit)
1018 http cache @babel/helpers@https://registry.npmjs.org/@babel/helpers/-/helpers-7.29.2.tgz 0ms (cache hit)
1019 http cache @babel/helper-compilation-targets@https://registry.npmjs.org/@babel/helper-compilation-targets/-/helper-compilation-targets-7.28.6.tgz 0ms (cache hit)
1020 http cache @babel/generator@https://registry.npmjs.org/@babel/generator/-/generator-7.29.1.tgz 0ms (cache hit)
1021 http cache @babel/helper-module-transforms@https://registry.npmjs.org/@babel/helper-module-transforms/-/helper-module-transforms-7.28.6.tgz 0ms (cache hit)
1022 http cache react-refresh@https://registry.npmjs.org/react-refresh/-/react-refresh-0.18.0.tgz 0ms (cache hit)
1023 http cache @babel/code-frame@https://registry.npmjs.org/@babel/code-frame/-/code-frame-7.29.0.tgz 0ms (cache hit)
1024 http cache @types/babel__core@https://registry.npmjs.org/@types/babel__core/-/babel__core-7.20.5.tgz 0ms (cache hit)
1025 http cache @babel/plugin-transform-react-jsx-source@https://registry.npmjs.org/@babel/plugin-transform-react-jsx-source/-/plugin-transform-react-jsx-source-7.27.1.tgz 0ms (cache hit)
1026 http cache @babel/plugin-transform-react-jsx-self@https://registry.npmjs.org/@babel/plugin-transform-react-jsx-self/-/plugin-transform-react-jsx-self-7.27.1.tgz 0ms (cache hit)
1027 http cache @rolldown/pluginutils@https://registry.npmjs.org/@rolldown/pluginutils/-/pluginutils-1.0.0-rc.3.tgz 0ms (cache hit)
1028 http cache undici-types@https://registry.npmjs.org/undici-types/-/undici-types-6.21.0.tgz 1ms (cache hit)
1029 http cache @babel/core@https://registry.npmjs.org/@babel/core/-/core-7.29.0.tgz 0ms (cache hit)
1030 http cache react-is@https://registry.npmjs.org/react-is/-/react-is-19.2.6.tgz 0ms (cache hit)
1031 http cache recharts@https://registry.npmjs.org/recharts/-/recharts-3.8.1.tgz 0ms (cache hit)
1032 http cache typescript@https://registry.npmjs.org/typescript/-/typescript-5.8.3.tgz 0ms (cache hit)
1033 http cache react-dom@https://registry.npmjs.org/react-dom/-/react-dom-19.2.6.tgz 0ms (cache hit)
1034 http cache react@https://registry.npmjs.org/react/-/react-19.2.6.tgz 0ms (cache hit)
1035 http cache lucide-react@https://registry.npmjs.org/lucide-react/-/lucide-react-0.562.0.tgz 0ms (cache hit)
1036 http cache vite@https://registry.npmjs.org/vite/-/vite-6.4.2.tgz 0ms (cache hit)
1037 http cache @types/node@https://registry.npmjs.org/@types/node/-/node-22.19.19.tgz 0ms (cache hit)
1038 http cache @vitejs/plugin-react@https://registry.npmjs.org/@vitejs/plugin-react/-/plugin-react-5.2.0.tgz 0ms (cache hit)
1039 http cache immer@https://registry.npmjs.org/immer/-/immer-11.1.8.tgz 0ms (cache hit)
1040 silly tarball no local data for @rollup/rollup-darwin-x64@https://registry.npmjs.org/@rollup/rollup-darwin-x64/-/rollup-darwin-x64-4.60.4.tgz. Extracting by manifest.
1041 silly tarball no local data for @types/estree@https://registry.npmjs.org/@types/estree/-/estree-1.0.8.tgz. Extracting by manifest.
1042 silly tarball no local data for nanoid@https://registry.npmjs.org/nanoid/-/nanoid-3.3.12.tgz. Extracting by manifest.
1043 silly tarball no local data for source-map-js@https://registry.npmjs.org/source-map-js/-/source-map-js-1.2.1.tgz. Extracting by manifest.
1044 silly tarball no local data for tinyglobby@https://registry.npmjs.org/tinyglobby/-/tinyglobby-0.2.16.tgz. Extracting by manifest.
1045 silly tarball no local data for rollup@https://registry.npmjs.org/rollup/-/rollup-4.60.4.tgz. Extracting by manifest.
1046 silly tarball no local data for @esbuild/darwin-x64@https://registry.npmjs.org/@esbuild/darwin-x64/-/darwin-x64-0.25.12.tgz. Extracting by manifest.
1047 silly tarball no local data for picomatch@https://registry.npmjs.org/picomatch/-/picomatch-4.0.4.tgz. Extracting by manifest.
1048 silly tarball no local data for fsevents@https://registry.npmjs.org/fsevents/-/fsevents-2.3.3.tgz. Extracting by manifest.
1049 silly tarball no local data for postcss@https://registry.npmjs.org/postcss/-/postcss-8.5.15.tgz. Extracting by manifest.
1050 silly tarball no local data for fdir@https://registry.npmjs.org/fdir/-/fdir-6.5.0.tgz. Extracting by manifest.
1051 silly tarball no local data for d3-path@https://registry.npmjs.org/d3-path/-/d3-path-3.1.0.tgz. Extracting by manifest.
1052 silly tarball no local data for esbuild@https://registry.npmjs.org/esbuild/-/esbuild-0.25.12.tgz. Extracting by manifest.
1053 silly tarball no local data for d3-format@https://registry.npmjs.org/d3-format/-/d3-format-3.1.2.tgz. Extracting by manifest.
1054 silly tarball no local data for d3-time-format@https://registry.npmjs.org/d3-time-format/-/d3-time-format-4.1.0.tgz. Extracting by manifest.
1055 silly tarball no local data for d3-color@https://registry.npmjs.org/d3-color/-/d3-color-3.1.0.tgz. Extracting by manifest.
1056 silly tarball no local data for internmap@https://registry.npmjs.org/internmap/-/internmap-2.0.3.tgz. Extracting by manifest.
1057 silly tarball no local data for @types/d3-path@https://registry.npmjs.org/@types/d3-path/-/d3-path-3.1.1.tgz. Extracting by manifest.
1058 silly tarball no local data for @types/d3-color@https://registry.npmjs.org/@types/d3-color/-/d3-color-3.1.3.tgz. Extracting by manifest.
1059 silly tarball no local data for d3-time@https://registry.npmjs.org/d3-time/-/d3-time-3.1.0.tgz. Extracting by manifest.
1060 silly tarball no local data for d3-shape@https://registry.npmjs.org/d3-shape/-/d3-shape-3.2.0.tgz. Extracting by manifest.
1061 silly tarball no local data for d3-scale@https://registry.npmjs.org/d3-scale/-/d3-scale-4.0.2.tgz. Extracting by manifest.
1062 silly tarball no local data for d3-ease@https://registry.npmjs.org/d3-ease/-/d3-ease-3.0.1.tgz. Extracting by manifest.
1063 silly tarball no local data for d3-interpolate@https://registry.npmjs.org/d3-interpolate/-/d3-interpolate-3.0.1.tgz. Extracting by manifest.
1064 silly tarball no local data for d3-array@https://registry.npmjs.org/d3-array/-/d3-array-3.2.4.tgz. Extracting by manifest.
1065 silly tarball no local data for @types/d3-timer@https://registry.npmjs.org/@types/d3-timer/-/d3-timer-3.0.2.tgz. Extracting by manifest.
1066 silly tarball no local data for d3-timer@https://registry.npmjs.org/d3-timer/-/d3-timer-3.0.1.tgz. Extracting by manifest.
1067 silly tarball no local data for @types/d3-time@https://registry.npmjs.org/@types/d3-time/-/d3-time-3.0.4.tgz. Extracting by manifest.
1068 silly tarball no local data for @types/d3-shape@https://registry.npmjs.org/@types/d3-shape/-/d3-shape-3.1.8.tgz. Extracting by manifest.
1069 silly tarball no local data for @types/d3-scale@https://registry.npmjs.org/@types/d3-scale/-/d3-scale-4.0.9.tgz. Extracting by manifest.
1070 silly tarball no local data for @types/d3-ease@https://registry.npmjs.org/@types/d3-ease/-/d3-ease-3.0.2.tgz. Extracting by manifest.
1071 silly tarball no local data for @types/d3-array@https://registry.npmjs.org/@types/d3-array/-/d3-array-3.2.2.tgz. Extracting by manifest.
1072 silly tarball no local data for @types/d3-interpolate@https://registry.npmjs.org/@types/d3-interpolate/-/d3-interpolate-3.0.4.tgz. Extracting by manifest.
1073 silly tarball no local data for redux-thunk@https://registry.npmjs.org/redux-thunk/-/redux-thunk-3.1.0.tgz. Extracting by manifest.
1074 silly tarball no local data for @types/use-sync-external-store@https://registry.npmjs.org/@types/use-sync-external-store/-/use-sync-external-store-0.0.6.tgz. Extracting by manifest.
1075 silly tarball no local data for escalade@https://registry.npmjs.org/escalade/-/escalade-3.2.0.tgz. Extracting by manifest.
1076 silly tarball no local data for redux@https://registry.npmjs.org/redux/-/redux-5.0.1.tgz. Extracting by manifest.
1077 silly tarball no local data for @standard-schema/utils@https://registry.npmjs.org/@standard-schema/utils/-/utils-0.3.0.tgz. Extracting by manifest.
1078 silly tarball no local data for @standard-schema/spec@https://registry.npmjs.org/@standard-schema/spec/-/spec-1.1.0.tgz. Extracting by manifest.
1079 silly tarball no local data for victory-vendor@https://registry.npmjs.org/victory-vendor/-/victory-vendor-37.3.6.tgz. Extracting by manifest.
1080 silly tarball no local data for use-sync-external-store@https://registry.npmjs.org/use-sync-external-store/-/use-sync-external-store-1.6.0.tgz. Extracting by manifest.
1081 silly tarball no local data for tiny-invariant@https://registry.npmjs.org/tiny-invariant/-/tiny-invariant-1.3.3.tgz. Extracting by manifest.
1082 silly tarball no local data for reselect@https://registry.npmjs.org/reselect/-/reselect-5.1.1.tgz. Extracting by manifest.
1083 silly tarball no local data for react-redux@https://registry.npmjs.org/react-redux/-/react-redux-9.3.0.tgz. Extracting by manifest.
1084 silly tarball no local data for es-toolkit@https://registry.npmjs.org/es-toolkit/-/es-toolkit-1.46.1.tgz. Extracting by manifest.
1085 silly tarball no local data for decimal.js-light@https://registry.npmjs.org/decimal.js-light/-/decimal.js-light-2.5.1.tgz. Extracting by manifest.
1086 silly tarball no local data for immer@https://registry.npmjs.org/immer/-/immer-10.2.0.tgz. Extracting by manifest.
1087 silly tarball no local data for clsx@https://registry.npmjs.org/clsx/-/clsx-2.1.1.tgz. Extracting by manifest.
1088 silly tarball no local data for scheduler@https://registry.npmjs.org/scheduler/-/scheduler-0.27.0.tgz. Extracting by manifest.
1089 silly tarball no local data for @reduxjs/toolkit@https://registry.npmjs.org/@reduxjs/toolkit/-/toolkit-2.12.0.tgz. Extracting by manifest.
1090 silly tarball no local data for eventemitter3@https://registry.npmjs.org/eventemitter3/-/eventemitter3-5.0.4.tgz. Extracting by manifest.
1091 silly tarball no local data for yallist@https://registry.npmjs.org/yallist/-/yallist-3.1.1.tgz. Extracting by manifest.
1092 silly tarball no local data for ms@https://registry.npmjs.org/ms/-/ms-2.1.3.tgz. Extracting by manifest.
1093 silly tarball no local data for update-browserslist-db@https://registry.npmjs.org/update-browserslist-db/-/update-browserslist-db-1.2.3.tgz. Extracting by manifest.
1094 silly tarball no local data for electron-to-chromium@https://registry.npmjs.org/electron-to-chromium/-/electron-to-chromium-1.5.360.tgz. Extracting by manifest.
1095 silly tarball no local data for node-releases@https://registry.npmjs.org/node-releases/-/node-releases-2.0.44.tgz. Extracting by manifest.
1096 silly tarball no local data for @types/babel__traverse@https://registry.npmjs.org/@types/babel__traverse/-/babel__traverse-7.28.0.tgz. Extracting by manifest.
1097 silly tarball no local data for caniuse-lite@https://registry.npmjs.org/caniuse-lite/-/caniuse-lite-1.0.30001793.tgz. Extracting by manifest.
1098 silly tarball no local data for baseline-browser-mapping@https://registry.npmjs.org/baseline-browser-mapping/-/baseline-browser-mapping-2.10.31.tgz. Extracting by manifest.
1099 silly tarball no local data for @types/babel__generator@https://registry.npmjs.org/@types/babel__generator/-/babel__generator-7.27.0.tgz. Extracting by manifest.
1100 silly tarball no local data for @types/babel__template@https://registry.npmjs.org/@types/babel__template/-/babel__template-7.4.4.tgz. Extracting by manifest.
1101 silly tarball no local data for @babel/helper-string-parser@https://registry.npmjs.org/@babel/helper-string-parser/-/helper-string-parser-7.27.1.tgz. Extracting by manifest.
1102 silly tarball no local data for @babel/helper-globals@https://registry.npmjs.org/@babel/helper-globals/-/helper-globals-7.28.0.tgz. Extracting by manifest.
1103 silly tarball no local data for @jridgewell/sourcemap-codec@https://registry.npmjs.org/@jridgewell/sourcemap-codec/-/sourcemap-codec-1.5.5.tgz. Extracting by manifest.
1104 silly tarball no local data for @babel/helper-plugin-utils@https://registry.npmjs.org/@babel/helper-plugin-utils/-/helper-plugin-utils-7.28.6.tgz. Extracting by manifest.
1105 silly tarball no local data for lru-cache@https://registry.npmjs.org/lru-cache/-/lru-cache-5.1.1.tgz. Extracting by manifest.
1106 silly tarball no local data for @jridgewell/resolve-uri@https://registry.npmjs.org/@jridgewell/resolve-uri/-/resolve-uri-3.1.2.tgz. Extracting by manifest.
1107 silly tarball no local data for @babel/helper-module-imports@https://registry.npmjs.org/@babel/helper-module-imports/-/helper-module-imports-7.28.6.tgz. Extracting by manifest.
1108 silly tarball no local data for browserslist@https://registry.npmjs.org/browserslist/-/browserslist-4.28.2.tgz. Extracting by manifest.
1109 silly tarball no local data for @babel/helper-validator-option@https://registry.npmjs.org/@babel/helper-validator-option/-/helper-validator-option-7.27.1.tgz. Extracting by manifest.
1110 silly tarball no local data for jsesc@https://registry.npmjs.org/jsesc/-/jsesc-3.1.0.tgz. Extracting by manifest.
1111 silly tarball no local data for @jridgewell/trace-mapping@https://registry.npmjs.org/@jridgewell/trace-mapping/-/trace-mapping-0.3.31.tgz. Extracting by manifest.
1112 silly tarball no local data for @jridgewell/gen-mapping@https://registry.npmjs.org/@jridgewell/gen-mapping/-/gen-mapping-0.3.13.tgz. Extracting by manifest.
1113 silly tarball no local data for @babel/compat-data@https://registry.npmjs.org/@babel/compat-data/-/compat-data-7.29.3.tgz. Extracting by manifest.
1114 silly tarball no local data for picocolors@https://registry.npmjs.org/picocolors/-/picocolors-1.1.1.tgz. Extracting by manifest.
1115 silly tarball no local data for js-tokens@https://registry.npmjs.org/js-tokens/-/js-tokens-4.0.0.tgz. Extracting by manifest.
1116 silly tarball no local data for @babel/helper-validator-identifier@https://registry.npmjs.org/@babel/helper-validator-identifier/-/helper-validator-identifier-7.28.5.tgz. Extracting by manifest.
1117 silly tarball no local data for semver@https://registry.npmjs.org/semver/-/semver-6.3.1.tgz. Extracting by manifest.
1118 silly tarball no local data for json5@https://registry.npmjs.org/json5/-/json5-2.2.3.tgz. Extracting by manifest.
1119 silly tarball no local data for gensync@https://registry.npmjs.org/gensync/-/gensync-1.0.0-beta.2.tgz. Extracting by manifest.
1120 silly tarball no local data for debug@https://registry.npmjs.org/debug/-/debug-4.4.3.tgz. Extracting by manifest.
1121 silly tarball no local data for convert-source-map@https://registry.npmjs.org/convert-source-map/-/convert-source-map-2.0.0.tgz. Extracting by manifest.
1122 silly tarball no local data for @jridgewell/remapping@https://registry.npmjs.org/@jridgewell/remapping/-/remapping-2.3.5.tgz. Extracting by manifest.
1123 silly tarball no local data for @babel/types@https://registry.npmjs.org/@babel/types/-/types-7.29.0.tgz. Extracting by manifest.
1124 silly tarball no local data for @babel/traverse@https://registry.npmjs.org/@babel/traverse/-/traverse-7.29.0.tgz. Extracting by manifest.
1125 silly tarball no local data for @babel/template@https://registry.npmjs.org/@babel/template/-/template-7.28.6.tgz. Extracting by manifest.
1126 silly tarball no local data for @babel/parser@https://registry.npmjs.org/@babel/parser/-/parser-7.29.3.tgz. Extracting by manifest.
1127 silly tarball no local data for @babel/helpers@https://registry.npmjs.org/@babel/helpers/-/helpers-7.29.2.tgz. Extracting by manifest.
1128 silly tarball no local data for @babel/helper-compilation-targets@https://registry.npmjs.org/@babel/helper-compilation-targets/-/helper-compilation-targets-7.28.6.tgz. Extracting by manifest.
1129 silly tarball no local data for @babel/generator@https://registry.npmjs.org/@babel/generator/-/generator-7.29.1.tgz. Extracting by manifest.
1130 silly tarball no local data for @babel/helper-module-transforms@https://registry.npmjs.org/@babel/helper-module-transforms/-/helper-module-transforms-7.28.6.tgz. Extracting by manifest.
1131 silly tarball no local data for react-refresh@https://registry.npmjs.org/react-refresh/-/react-refresh-0.18.0.tgz. Extracting by manifest.
1132 silly tarball no local data for @babel/code-frame@https://registry.npmjs.org/@babel/code-frame/-/code-frame-7.29.0.tgz. Extracting by manifest.
1133 silly tarball no local data for @types/babel__core@https://registry.npmjs.org/@types/babel__core/-/babel__core-7.20.5.tgz. Extracting by manifest.
1134 silly tarball no local data for @babel/plugin-transform-react-jsx-source@https://registry.npmjs.org/@babel/plugin-transform-react-jsx-source/-/plugin-transform-react-jsx-source-7.27.1.tgz. Extracting by manifest.
1135 silly tarball no local data for @babel/plugin-transform-react-jsx-self@https://registry.npmjs.org/@babel/plugin-transform-react-jsx-self/-/plugin-transform-react-jsx-self-7.27.1.tgz. Extracting by manifest.
1136 silly tarball no local data for @rolldown/pluginutils@https://registry.npmjs.org/@rolldown/pluginutils/-/pluginutils-1.0.0-rc.3.tgz. Extracting by manifest.
1137 silly tarball no local data for undici-types@https://registry.npmjs.org/undici-types/-/undici-types-6.21.0.tgz. Extracting by manifest.
1138 silly tarball no local data for @babel/core@https://registry.npmjs.org/@babel/core/-/core-7.29.0.tgz. Extracting by manifest.
1139 silly tarball no local data for react-is@https://registry.npmjs.org/react-is/-/react-is-19.2.6.tgz. Extracting by manifest.
1140 silly tarball no local data for recharts@https://registry.npmjs.org/recharts/-/recharts-3.8.1.tgz. Extracting by manifest.
1141 silly tarball no local data for typescript@https://registry.npmjs.org/typescript/-/typescript-5.8.3.tgz. Extracting by manifest.
1142 silly tarball no local data for react-dom@https://registry.npmjs.org/react-dom/-/react-dom-19.2.6.tgz. Extracting by manifest.
1143 silly tarball no local data for react@https://registry.npmjs.org/react/-/react-19.2.6.tgz. Extracting by manifest.
1144 silly tarball no local data for lucide-react@https://registry.npmjs.org/lucide-react/-/lucide-react-0.562.0.tgz. Extracting by manifest.
1145 silly tarball no local data for vite@https://registry.npmjs.org/vite/-/vite-6.4.2.tgz. Extracting by manifest.
1146 silly tarball no local data for @types/node@https://registry.npmjs.org/@types/node/-/node-22.19.19.tgz. Extracting by manifest.
1147 silly tarball no local data for @vitejs/plugin-react@https://registry.npmjs.org/@vitejs/plugin-react/-/plugin-react-5.2.0.tgz. Extracting by manifest.
1148 silly tarball no local data for immer@https://registry.npmjs.org/immer/-/immer-11.1.8.tgz. Extracting by manifest.
1149 http fetch GET 200 https://registry.npmjs.org/d3-path/-/d3-path-3.1.0.tgz 425ms (cache miss)
1150 http fetch GET 200 https://registry.npmjs.org/@types/estree/-/estree-1.0.8.tgz 459ms (cache miss)
1151 http fetch GET 200 https://registry.npmjs.org/nanoid/-/nanoid-3.3.12.tgz 484ms (cache miss)
1152 http fetch GET 200 https://registry.npmjs.org/fsevents/-/fsevents-2.3.3.tgz 490ms (cache miss)
1153 http fetch GET 200 https://registry.npmjs.org/fdir/-/fdir-6.5.0.tgz 535ms (cache miss)
1154 http fetch GET 200 https://registry.npmjs.org/d3-format/-/d3-format-3.1.2.tgz 556ms (cache miss)
1155 http fetch GET 200 https://registry.npmjs.org/esbuild/-/esbuild-0.25.12.tgz 619ms (cache miss)
1156 http fetch GET 200 https://registry.npmjs.org/tinyglobby/-/tinyglobby-0.2.16.tgz 772ms (cache miss)
1157 http fetch GET 200 https://registry.npmjs.org/source-map-js/-/source-map-js-1.2.1.tgz 775ms (cache miss)
1158 http fetch GET 200 https://registry.npmjs.org/d3-time-format/-/d3-time-format-4.1.0.tgz 792ms (cache miss)
1159 http fetch GET 200 https://registry.npmjs.org/d3-color/-/d3-color-3.1.0.tgz 956ms (cache miss)
1160 http fetch GET 200 https://registry.npmjs.org/internmap/-/internmap-2.0.3.tgz 967ms (cache miss)
1161 http fetch GET 200 https://registry.npmjs.org/d3-time/-/d3-time-3.1.0.tgz 1034ms (cache miss)
1162 http fetch GET 200 https://registry.npmjs.org/@types/d3-color/-/d3-color-3.1.3.tgz 1057ms (cache miss)
1163 http fetch GET 200 https://registry.npmjs.org/@types/d3-path/-/d3-path-3.1.1.tgz 1059ms (cache miss)
1164 http fetch POST 200 https://registry.npmjs.org/-/npm/v1/security/advisories/bulk 1107ms
1165 silly audit report {}
1166 http fetch GET 200 https://registry.npmjs.org/picomatch/-/picomatch-4.0.4.tgz 1075ms (cache miss)
1167 http fetch GET 200 https://registry.npmjs.org/d3-interpolate/-/d3-interpolate-3.0.1.tgz 1180ms (cache miss)
1168 http fetch GET 200 https://registry.npmjs.org/d3-ease/-/d3-ease-3.0.1.tgz 1206ms (cache miss)
1169 http fetch GET 200 https://registry.npmjs.org/d3-scale/-/d3-scale-4.0.2.tgz 1242ms (cache miss)
1170 http fetch GET 200 https://registry.npmjs.org/@types/d3-timer/-/d3-timer-3.0.2.tgz 1504ms (cache miss)
1171 http fetch GET 200 https://registry.npmjs.org/d3-timer/-/d3-timer-3.0.1.tgz 1630ms (cache miss)
1172 http fetch GET 200 https://registry.npmjs.org/d3-array/-/d3-array-3.2.4.tgz 1766ms (cache miss)
1173 http fetch GET 200 https://registry.npmjs.org/d3-shape/-/d3-shape-3.2.0.tgz 1793ms (cache miss)
1174 http fetch GET 200 https://registry.npmjs.org/redux-thunk/-/redux-thunk-3.1.0.tgz 1789ms (cache miss)
1175 http fetch GET 200 https://registry.npmjs.org/redux/-/redux-5.0.1.tgz 2058ms (cache miss)
1176 http fetch GET 200 https://registry.npmjs.org/@types/d3-shape/-/d3-shape-3.1.8.tgz 2070ms (cache miss)
1177 http fetch GET 200 https://registry.npmjs.org/@types/d3-ease/-/d3-ease-3.0.2.tgz 2089ms (cache miss)
1178 http fetch GET 200 https://registry.npmjs.org/@types/d3-time/-/d3-time-3.0.4.tgz 2094ms (cache miss)
1179 http fetch GET 200 https://registry.npmjs.org/@types/d3-scale/-/d3-scale-4.0.9.tgz 2184ms (cache miss)
1180 http fetch GET 200 https://registry.npmjs.org/@types/d3-array/-/d3-array-3.2.2.tgz 2183ms (cache miss)
1181 http fetch GET 200 https://registry.npmjs.org/@types/d3-interpolate/-/d3-interpolate-3.0.4.tgz 2191ms (cache miss)
1182 http fetch GET 200 https://registry.npmjs.org/@types/use-sync-external-store/-/use-sync-external-store-0.0.6.tgz 2198ms (cache miss)
1183 http fetch GET 200 https://registry.npmjs.org/@standard-schema/utils/-/utils-0.3.0.tgz 2258ms (cache miss)
1184 http fetch GET 200 https://registry.npmjs.org/@standard-schema/spec/-/spec-1.1.0.tgz 2400ms (cache miss)
1185 http fetch GET 200 https://registry.npmjs.org/tiny-invariant/-/tiny-invariant-1.3.3.tgz 2504ms (cache miss)
1186 http fetch GET 200 https://registry.npmjs.org/victory-vendor/-/victory-vendor-37.3.6.tgz 2939ms (cache miss)
1187 http fetch GET 200 https://registry.npmjs.org/use-sync-external-store/-/use-sync-external-store-1.6.0.tgz 3102ms (cache miss)
1188 http fetch GET 200 https://registry.npmjs.org/escalade/-/escalade-3.2.0.tgz 3184ms (cache miss)
1189 http fetch GET 200 https://registry.npmjs.org/clsx/-/clsx-2.1.1.tgz 3228ms (cache miss)
1190 http fetch GET 200 https://registry.npmjs.org/scheduler/-/scheduler-0.27.0.tgz 3316ms (cache miss)
1191 http fetch GET 200 https://registry.npmjs.org/react-redux/-/react-redux-9.3.0.tgz 3992ms (cache miss)
1192 http fetch GET 200 https://registry.npmjs.org/yallist/-/yallist-3.1.1.tgz 4100ms (cache miss)
1193 http fetch GET 200 https://registry.npmjs.org/ms/-/ms-2.1.3.tgz 4105ms (cache miss)
1194 http fetch GET 200 https://registry.npmjs.org/update-browserslist-db/-/update-browserslist-db-1.2.3.tgz 4124ms (cache miss)
1195 http fetch GET 200 https://registry.npmjs.org/electron-to-chromium/-/electron-to-chromium-1.5.360.tgz 4198ms (cache miss)
1196 http fetch GET 200 https://registry.npmjs.org/eventemitter3/-/eventemitter3-5.0.4.tgz 4964ms (cache miss)
1197 http fetch GET 200 https://registry.npmjs.org/node-releases/-/node-releases-2.0.44.tgz 5136ms (cache miss)
1198 http fetch GET 200 https://registry.npmjs.org/postcss/-/postcss-8.5.15.tgz 5161ms (cache miss)
1199 http fetch GET 200 https://registry.npmjs.org/baseline-browser-mapping/-/baseline-browser-mapping-2.10.31.tgz 5998ms (cache miss)
1200 http fetch GET 200 https://registry.npmjs.org/@types/babel__template/-/babel__template-7.4.4.tgz 6786ms (cache miss)
1201 http fetch GET 200 https://registry.npmjs.org/@babel/helper-globals/-/helper-globals-7.28.0.tgz 6788ms (cache miss)
1202 http fetch GET 200 https://registry.npmjs.org/@babel/helper-string-parser/-/helper-string-parser-7.27.1.tgz 6798ms (cache miss)
1203 http fetch GET 200 https://registry.npmjs.org/@jridgewell/sourcemap-codec/-/sourcemap-codec-1.5.5.tgz 8090ms (cache miss)
1204 http fetch GET 200 https://registry.npmjs.org/@jridgewell/resolve-uri/-/resolve-uri-3.1.2.tgz 8858ms (cache miss)
1205 http fetch GET 200 https://registry.npmjs.org/@types/babel__generator/-/babel__generator-7.27.0.tgz 9507ms (cache miss)
1206 http fetch GET 200 https://registry.npmjs.org/browserslist/-/browserslist-4.28.2.tgz 10056ms (cache miss)
1207 http fetch GET 200 https://registry.npmjs.org/@types/babel__traverse/-/babel__traverse-7.28.0.tgz 10068ms (cache miss)
1208 http fetch GET 200 https://registry.npmjs.org/@babel/helper-validator-option/-/helper-validator-option-7.27.1.tgz 11453ms (cache miss)
1209 http fetch GET 200 https://registry.npmjs.org/lru-cache/-/lru-cache-5.1.1.tgz 11969ms (cache miss)
1210 http fetch GET 200 https://registry.npmjs.org/jsesc/-/jsesc-3.1.0.tgz 12029ms (cache miss)
1211 http fetch GET 200 https://registry.npmjs.org/@jridgewell/trace-mapping/-/trace-mapping-0.3.31.tgz 12168ms (cache miss)
1212 http fetch GET 200 https://registry.npmjs.org/decimal.js-light/-/decimal.js-light-2.5.1.tgz 12576ms (cache miss)
1213 http fetch GET 200 https://registry.npmjs.org/@babel/helper-plugin-utils/-/helper-plugin-utils-7.28.6.tgz 12579ms (cache miss)
1214 http fetch GET 200 https://registry.npmjs.org/picocolors/-/picocolors-1.1.1.tgz 12602ms (cache miss)
1215 http fetch GET 200 https://registry.npmjs.org/js-tokens/-/js-tokens-4.0.0.tgz 12691ms (cache miss)
1216 http fetch GET 200 https://registry.npmjs.org/@jridgewell/gen-mapping/-/gen-mapping-0.3.13.tgz 13109ms (cache miss)
1217 http fetch GET 200 https://registry.npmjs.org/semver/-/semver-6.3.1.tgz 13795ms (cache miss)
1218 http fetch GET 200 https://registry.npmjs.org/json5/-/json5-2.2.3.tgz 14124ms (cache miss)
1219 http fetch GET 200 https://registry.npmjs.org/gensync/-/gensync-1.0.0-beta.2.tgz 14145ms (cache miss)
1220 http fetch GET 200 https://registry.npmjs.org/@babel/types/-/types-7.29.0.tgz 15859ms (cache miss)
1221 http fetch GET 200 https://registry.npmjs.org/reselect/-/reselect-5.1.1.tgz 15912ms (cache miss)
1222 http fetch GET 200 https://registry.npmjs.org/@reduxjs/toolkit/-/toolkit-2.12.0.tgz 16166ms (cache miss)
1223 http fetch GET 200 https://registry.npmjs.org/convert-source-map/-/convert-source-map-2.0.0.tgz 16163ms (cache miss)
1224 http fetch GET 200 https://registry.npmjs.org/@babel/helper-validator-identifier/-/helper-validator-identifier-7.28.5.tgz 16430ms (cache miss)
1225 http fetch GET 200 https://registry.npmjs.org/@babel/template/-/template-7.28.6.tgz 16554ms (cache miss)
1226 http fetch GET 200 https://registry.npmjs.org/@babel/compat-data/-/compat-data-7.29.3.tgz 16706ms (cache miss)
1227 http fetch GET 200 https://registry.npmjs.org/@jridgewell/remapping/-/remapping-2.3.5.tgz 16795ms (cache miss)
1228 http fetch GET 200 https://registry.npmjs.org/react-refresh/-/react-refresh-0.18.0.tgz 16853ms (cache miss)
1229 http fetch GET 200 https://registry.npmjs.org/@babel/traverse/-/traverse-7.29.0.tgz 17266ms (cache miss)
1230 http fetch GET 200 https://registry.npmjs.org/@babel/code-frame/-/code-frame-7.29.0.tgz 17759ms (cache miss)
1231 http fetch GET 200 https://registry.npmjs.org/@babel/plugin-transform-react-jsx-source/-/plugin-transform-react-jsx-source-7.27.1.tgz 17837ms (cache miss)
1232 http fetch GET 200 https://registry.npmjs.org/@babel/helper-compilation-targets/-/helper-compilation-targets-7.28.6.tgz 17981ms (cache miss)
1233 http fetch GET 200 https://registry.npmjs.org/@babel/plugin-transform-react-jsx-self/-/plugin-transform-react-jsx-self-7.27.1.tgz 18099ms (cache miss)
1234 http fetch GET 200 https://registry.npmjs.org/@types/babel__core/-/babel__core-7.20.5.tgz 18267ms (cache miss)
1235 http fetch GET 200 https://registry.npmjs.org/immer/-/immer-10.2.0.tgz 18333ms (cache miss)
1236 http fetch GET 200 https://registry.npmjs.org/undici-types/-/undici-types-6.21.0.tgz 18393ms (cache miss)
1237 http fetch GET 200 https://registry.npmjs.org/react-is/-/react-is-19.2.6.tgz 18624ms (cache miss)
1238 http fetch GET 200 https://registry.npmjs.org/@babel/helper-module-transforms/-/helper-module-transforms-7.28.6.tgz 18762ms (cache miss)
1239 http fetch GET 200 https://registry.npmjs.org/debug/-/debug-4.4.3.tgz 19399ms (cache miss)
1240 http fetch GET 200 https://registry.npmjs.org/@rolldown/pluginutils/-/pluginutils-1.0.0-rc.3.tgz 19590ms (cache miss)
1241 http fetch GET 200 https://registry.npmjs.org/es-toolkit/-/es-toolkit-1.46.1.tgz 20930ms (cache miss)
1242 http fetch GET 200 https://registry.npmjs.org/@babel/core/-/core-7.29.0.tgz 21139ms (cache miss)
1243 http fetch GET 200 https://registry.npmjs.org/@babel/parser/-/parser-7.29.3.tgz 21386ms (cache miss)
1244 http fetch GET 200 https://registry.npmjs.org/recharts/-/recharts-3.8.1.tgz 21690ms (cache miss)
1245 http fetch GET 200 https://registry.npmjs.org/@babel/generator/-/generator-7.29.1.tgz 21697ms (cache miss)
1246 http fetch GET 200 https://registry.npmjs.org/immer/-/immer-11.1.8.tgz 22304ms (cache miss)
1247 http fetch GET 200 https://registry.npmjs.org/@vitejs/plugin-react/-/plugin-react-5.2.0.tgz 22732ms (cache miss)
1248 http fetch GET 200 https://registry.npmjs.org/@babel/helper-module-imports/-/helper-module-imports-7.28.6.tgz 23096ms (cache miss)
1249 http fetch GET 200 https://registry.npmjs.org/@types/node/-/node-22.19.19.tgz 23341ms (cache miss)
1250 http fetch GET 200 https://registry.npmjs.org/caniuse-lite/-/caniuse-lite-1.0.30001793.tgz 23379ms (cache miss)
1251 http fetch GET 200 https://registry.npmjs.org/@babel/helpers/-/helpers-7.29.2.tgz 25630ms (cache miss)
1252 http fetch GET 200 https://registry.npmjs.org/@rollup/rollup-darwin-x64/-/rollup-darwin-x64-4.60.4.tgz 25766ms (cache miss)
1253 http fetch GET 200 https://registry.npmjs.org/rollup/-/rollup-4.60.4.tgz 25917ms (cache miss)
1254 http fetch GET 200 https://registry.npmjs.org/vite/-/vite-6.4.2.tgz 26117ms (cache miss)
1255 http fetch GET 200 https://registry.npmjs.org/react/-/react-19.2.6.tgz 26505ms (cache miss)
1256 http fetch GET 200 https://registry.npmjs.org/typescript/-/typescript-5.8.3.tgz 43042ms (cache miss)
1257 http fetch GET 200 https://registry.npmjs.org/react-dom/-/react-dom-19.2.6.tgz 59827ms (cache miss)
1258 http fetch GET 200 https://registry.npmjs.org/@esbuild/darwin-x64/-/darwin-x64-0.25.12.tgz 62493ms (cache miss)
1259 http fetch GET 200 https://registry.npmjs.org/lucide-react/-/lucide-react-0.562.0.tgz 63177ms (cache miss)
1260 info run fsevents@2.3.3 install node_modules/fsevents node-gyp rebuild
1261 info run fsevents@2.3.3 install { code: 1, signal: null }
1262 verbose reify failed optional dependency /Users/Loowecee/Documents/GitHub/agripoulet-pro/node_modules/fsevents
1263 silly reify mark deleted [
1263 silly reify   '/Users/Loowecee/Documents/GitHub/agripoulet-pro/node_modules/fsevents'
1263 silly reify ]
1264 info run esbuild@0.25.12 postinstall node_modules/esbuild node install.js
1265 info run esbuild@0.25.12 postinstall { code: 0, signal: null }
1266 silly ADD node_modules/@types/estree
1267 silly ADD node_modules/@rollup/rollup-darwin-x64
1268 silly ADD node_modules/source-map-js
1269 silly ADD node_modules/nanoid
1270 silly ADD node_modules/@esbuild/darwin-x64
1271 silly ADD node_modules/tinyglobby
1272 silly ADD node_modules/rollup
1273 silly ADD node_modules/postcss
1274 silly ADD node_modules/picomatch
1275 silly ADD
1276 silly ADD node_modules/fdir
1277 silly ADD node_modules/esbuild
1278 silly ADD node_modules/d3-path
1279 silly ADD node_modules/d3-time-format
1280 silly ADD node_modules/d3-format
1281 silly ADD node_modules/d3-color
1282 silly ADD node_modules/internmap
1283 silly ADD node_modules/@types/d3-path
1284 silly ADD node_modules/@types/d3-color
1285 silly ADD node_modules/d3-timer
1286 silly ADD node_modules/d3-time
1287 silly ADD node_modules/d3-shape
1288 silly ADD node_modules/d3-scale
1289 silly ADD node_modules/d3-interpolate
1290 silly ADD node_modules/d3-ease
1291 silly ADD node_modules/d3-array
1292 silly ADD node_modules/@types/d3-timer
1293 silly ADD node_modules/@types/d3-time
1294 silly ADD node_modules/@types/d3-shape
1295 silly ADD node_modules/@types/d3-scale
1296 silly ADD node_modules/@types/d3-interpolate
1297 silly ADD node_modules/@types/d3-ease
1298 silly ADD node_modules/@types/d3-array
1299 silly ADD node_modules/escalade
1300 silly ADD node_modules/@types/use-sync-external-store
1301 silly ADD node_modules/redux-thunk
1302 silly ADD node_modules/redux
1303 silly ADD node_modules/@standard-schema/utils
1304 silly ADD node_modules/@standard-schema/spec
1305 silly ADD node_modules/victory-vendor
1306 silly ADD node_modules/use-sync-external-store
1307 silly ADD node_modules/tiny-invariant
1308 silly ADD node_modules/reselect
1309 silly ADD node_modules/react-redux
1310 silly ADD node_modules/immer
1311 silly ADD node_modules/eventemitter3
1312 silly ADD node_modules/es-toolkit
1313 silly ADD node_modules/decimal.js-light
1314 silly ADD node_modules/clsx
1315 silly ADD node_modules/@reduxjs/toolkit
1316 silly ADD node_modules/@reduxjs/toolkit/node_modules/immer
1317 silly ADD node_modules/scheduler
1318 silly ADD node_modules/yallist
1319 silly ADD node_modules/ms
1320 silly ADD node_modules/update-browserslist-db
1321 silly ADD node_modules/node-releases
1322 silly ADD node_modules/electron-to-chromium
1323 silly ADD node_modules/caniuse-lite
1324 silly ADD node_modules/baseline-browser-mapping
1325 silly ADD node_modules/@types/babel__traverse
1326 silly ADD node_modules/@types/babel__template
1327 silly ADD node_modules/@types/babel__generator
1328 silly ADD node_modules/@jridgewell/resolve-uri
1329 silly ADD node_modules/@jridgewell/sourcemap-codec
1330 silly ADD node_modules/@babel/helper-string-parser
1331 silly ADD node_modules/@babel/helper-globals
1332 silly ADD node_modules/@babel/helper-plugin-utils
1333 silly ADD node_modules/@babel/helper-module-imports
1334 silly ADD node_modules/lru-cache
1335 silly ADD node_modules/browserslist
1336 silly ADD node_modules/@babel/helper-validator-option
1337 silly ADD node_modules/@babel/compat-data
1338 silly ADD node_modules/jsesc
1339 silly ADD node_modules/@jridgewell/trace-mapping
1340 silly ADD node_modules/@jridgewell/gen-mapping
1341 silly ADD node_modules/picocolors
1342 silly ADD node_modules/js-tokens
1343 silly ADD node_modules/@babel/helper-validator-identifier
1344 silly ADD node_modules/semver
1345 silly ADD node_modules/json5
1346 silly ADD node_modules/gensync
1347 silly ADD node_modules/debug
1348 silly ADD node_modules/convert-source-map
1349 silly ADD node_modules/@jridgewell/remapping
1350 silly ADD node_modules/@babel/types
1351 silly ADD node_modules/@babel/traverse
1352 silly ADD node_modules/@babel/template
1353 silly ADD node_modules/@babel/parser
1354 silly ADD node_modules/@babel/helpers
1355 silly ADD node_modules/@babel/helper-module-transforms
1356 silly ADD node_modules/@babel/helper-compilation-targets
1357 silly ADD node_modules/@babel/generator
1358 silly ADD node_modules/@babel/code-frame
1359 silly ADD node_modules/react-refresh
1360 silly ADD node_modules/@types/babel__core
1361 silly ADD node_modules/@rolldown/pluginutils
1362 silly ADD node_modules/@babel/plugin-transform-react-jsx-source
1363 silly ADD node_modules/@babel/plugin-transform-react-jsx-self
1364 silly ADD node_modules/@babel/core
1365 silly ADD node_modules/undici-types
1366 silly ADD node_modules/typescript
1367 silly ADD node_modules/react-is
1368 silly ADD node_modules/recharts
1369 silly ADD node_modules/react-dom
1370 silly ADD node_modules/react
1371 silly ADD node_modules/lucide-react
1372 silly ADD node_modules/vite
1373 silly ADD node_modules/@vitejs/plugin-react
1374 silly ADD node_modules/@types/node
1375 verbose cwd /Users/Loowecee/Documents/GitHub/agripoulet-pro
1376 verbose os Darwin 25.3.0
1377 verbose node v25.8.2
1378 verbose npm  v11.11.1
1379 notice
1379 notice New minor version of npm available! 11.11.1 -> 11.14.1
1379 notice Changelog: https://github.com/npm/cli/releases/tag/v11.14.1
1379 notice To update run: npm install -g npm@11.14.1
1379 notice  { force: true, Symbol(proc-log.meta): true }
1380 verbose exit 0
1381 info ok
